trade_id,symbol,direction,entry_time,entry_price,lots,exit_time,exit_price,holding_hours,holding_bars,spread_cost,commission,slippage,gap_slippage,swap_cost,total_cost,gross_pnl,net_pnl,mfe,mae,time_to_mfe,time_to_mae,mfe_efficiency,mae_efficiency,stop_efficiency,r_multiple,initial_stop,final_stop,stop_adjustments,energy_at_entry,regime_at_entry,energy_at_exit,regime_at_exit,pe_at_entry,forward_release_5,forward_release_10,pe_recovery_efficiency,pe_exploitation,avg_energy,max_energy,avg_damping,max_jerk,avg_buying_pressure,energy_trend,regime_changes,flow_consistency,time_to_max_energy
1,XAUUSD,long,2024-01-04T19:00:00,2044.84,0.1,2024-01-04T20:00:00,2043.18,1.0,1,0.7000000000000001,0.0,0.1,0.0,0.0,0.8,-16.599999999998545,-17.399999999998546,0.20000000000004547,3.9700000000000273,1,1,0.0,0.0,0.0,-0.41813602015109397,2042.3771428571429,2042.3771428571429,0,0.05119999999997963,overdamped,1.0952000000000268,overdamped,0.550651203602349,0.0019024237563333105,0.0019024237563333105,-0.42671852340445154,-0.14742534854756056,1.0952000000000268,1.0952000000000268,1.4808940032683076,0.0,0.5779376498801054,0.0,0,1.0,1
2,XAUUSD,short,2024-01-24T21:00:00,2015.08,0.1,2024-01-25T10:00:00,2015.87,13.0,12,0.7000000000000001,0.0,0.1,0.0,23.955,24.755,-7.899999999999636,-32.65499999999963,3.8799999999998818,3.1700000000000728,1,12,0.0,0.18298969072160587,1.0,-0.24921135646685977,2021.857142857143,2017.1242857142856,10,8.694450000000304,overdamped,0.0008000000000076398,overdamped,0.0,0.0019254818667248357,0.0019254818667248357,-0.20360824742267725,0.0,0.8373166666666819,4.089799999999713,1.565165121413122,0.0,0.47292455098370234,-0.9998043914127811,0,1.0,1
3,XAUUSD,long,2024-02-01T22:00:00,2054.87,0.1,2024-02-02T05:00:00,2053.85,7.0,6,0.7000000000000001,0.0,0.1,0.0,-6.809000000000001,7.609000000000001,-10.199999999999818,-17.80899999999982,1.9900000000002365,2.9099999999998545,4,6,0.0,0.0,0.8248384781047288,-0.3505154639175371,2051.174285714286,2052.8157142857144,5,0.35279999999974027,critical,0.387200000000096,overdamped,0.5788768608799413,0.0009635599159075071,0.0014210075527525076,-0.5151540221301186,-0.08574911173484623,0.17439166666664693,0.387200000000096,1.472572648487973,0.0,0.5060571788782318,0.6747404844302873,1,1.0,6
4,XAUUSD,short,2024-02-02T19:00:00,2036.29,0.1,2024-02-02T21:00:00,2037.46,2.0,2,0.7000000000000001,0.0,0.1,0.0,0.0,0.8,-11.700000000000728,-12.500000000000728,2.2999999999999545,2.4400000000000546,1,2,0.0,0.0,0.0,-0.47950819672133055,2038.2628571428572,2038.2628571428572,0,0.7442000000000333,overdamped,2.289800000000214,overdamped,0.2632249233037755,0.0017188205944172706,0.002902351346573203,-0.3342840726447395,-0.21828265395080693,1.3999250000001024,2.289800000000214,2.6688801858415863,0.0,0.5584321577083038,3.489363787864436,0,1.0,2
5,XAUUSD,short,2024-02-13T19:00:00,1994.96,0.1,2024-02-14T12:00:00,1991.23,17.0,16,0.7000000000000001,0.0,0.1,0.0,4.7909999999999995,5.590999999999999,37.30000000000018,31.70900000000018,9.0,1.0699999999999363,15,1,0.41444444444444645,0.8811111111111182,1.0,3.4859813084114393,2001.2057142857143,1990.94,10,3.537800000000218,overdamped,3.6992000000000744,overdamped,0.0,0.0018246345718124536,0.0030076394040863793,1.024704728443126,0.0,0.8493843749999958,4.089799999999713,2.164312602701825,0.0,0.5064328174657207,4.0532067481727365,0,1.0,14
6,XAUUSD,short,2024-02-21T20:00:00,2024.35,0.1,2024-02-21T23:00:00,2024.38,3.0,3,0.7000000000000001,0.0,0.1,0.0,0.0,0.8,-0.3000000000020009,-1.100000000002001,4.279999999999973,2.660000000000082,2,3,0.0,0.37850467289717316,0.21762349799733055,-0.011278195488796678,2027.522857142857,2026.5914285714284,1,0.03644999999999509,critical,1.344800000000164,overdamped,0.0,0.0020600324072244758,0.002316918942417922,-0.007193853680410306,0.0,3.9795500000000357,8.040049999999964,1.2362418373959752,0.0,0.37305889602337783,-0.4734121700993911,2,1.0,2
7,XAUUSD,long,2024-02-23T21:00:00,2040.41,0.1,2024-02-26T02:00:00,2034.02,53.0,4,0.7000000000000001,0.0,0.1,2.297454315799081,-6.809000000000001,9.906454315799081,-63.900000000001,-73.80645431580008,0.07999999999992724,7.3900000000001,1,4,0.0,0.0,1.0,-0.8646820027063618,2032.2571428571428,2033.11,3,3.200449999999931,critical,1.1400499999999862,critical,0.14662630692097375,0.005136096762494741,0.005150799329562937,-0.6097477658565263,-2.135853784984158,1.7220375000000656,4.8984500000003415,1.26255297378393,0.0,0.3402672091869063,-0.7672631138421527,2,1.0,1
8,XAUUSD,long,2024-03-06T22:00:00,2144.36,0.1,2024-03-07T17:00:00,2154.01,19.0,18,0.7000000000000001,0.0,0.1,0.0,-34.045,34.845,96.50000000000091,61.65500000000091,20.389999999999873,1.150000000000091,17,1,0.47327121137813394,0.9435998038253998,0.8420794507111418,8.391304347825502,2137.637142857143,2154.807142857143,11,3.864199999999292,underdamped,15.67999999999949,underdamped,0.0,0.0031523675399407593,0.007918224974585211,1.4275547353007354,0.0,4.0260777777777,21.25519999999988,1.1571278682173678,0.0,0.5876898996747291,5.194567901234366,5,1.0,8
9,XAUUSD,short,2024-03-15T22:00:00,2159.32,0.1,2024-03-18T12:00:00,2153.54,62.0,13,0.7000000000000001,0.0,0.1,0.0,4.7909999999999995,5.590999999999999,57.800000000002,52.209000000002,13.210000000000036,0.13999999999987267,8,1,0.43754731264195185,0.9894019682059143,0.9076457229371497,41.285714285753265,2165.2742857142857,2153.284285714286,12,3.0258000000000895,critical,0.897800000000195,overdamped,0.13715309756028413,0.0032510836945648463,0.0060992553073246965,0.8233465711190486,1.9516647162594853,2.6807923076924,9.548449999999523,1.1632078645503214,0.0,0.5135157438714704,-0.6908455432929995,4,1.0,6
10,XAUUSD,long,2024-04-05T21:00:00,2326.28,0.1,2024-04-08T02:00:00,2307.6,53.0,4,0.7000000000000001,0.0,0.1,0.0,-6.809000000000001,7.609000000000001,-186.8000000000029,-194.40900000000292,3.7199999999998,22.15000000000009,3,4,0.0,0.0,0.013824884792597435,-0.8433408577878201,2310.4728571428573,2310.5242857142857,1,0.5618000000004242,critical,234.36125000000197,overdamped,0.5524899392033018,0.009496092373034233,0.011989407708643348,-0.8456096967285218,-1.453417921645209,63.8124625000003,234.36125000000197,1.4506838592737523,0.0,0.4863687635583585,577.6697530868925,1,1.0,4
11,XAUUSD,short,2024-04-10T06:00:00,2352.22,0.1,2024-04-10T07:00:00,2351.37,1.0,1,0.7000000000000001,0.0,0.1,0.0,0.0,0.8,8.49999999999909,7.699999999999091,1.5199999999999818,1.3600000000001273,1,1,0.5592105263157363,0.10526315789464236,0.0,0.6249999999998747,2353.168571428572,2353.168571428572,0,3.6450000000007368,critical,0.28125,critical,0.28441852328261696,0.0033884181571595955,0.010305552839341463,0.10664585665392648,0.12705246933334652,0.28125,0.28125,1.2828419514789944,0.0,0.23611111111120323,0.0,0,1.0,1
12,XAUUSD,short,2024-04-15T04:00:00,2353.32,0.1,2024-04-15T18:00:00,2349.5,14.0,14,0.7000000000000001,0.0,0.1,0.0,0.0,0.8,38.20000000000164,37.40000000000164,29.039999999999964,11.409999999999854,14,2,0.1315426997245237,0.6070936639118503,0.9455922865013798,0.33479404031553134,2372.1528571428576,2344.6928571428575,10,66.01004999999749,critical,0.30420000000015607,critical,0.0,0.004865549360891954,0.004865549360891954,0.33361878344575385,0.0,7.9646357142859685,37.238450000000945,1.4058998368884807,0.0,0.585890391398706,-0.893489259641747,0,1.0,13
13,XAUUSD,long,2024-04-16T05:00:00,2383.72,0.1,2024-04-16T10:00:00,2373.0,5.0,5,0.7000000000000001,0.0,0.1,0.0,0.0,0.8,-107.199999999998,-107.999999999998,5.620000000000346,15.039999999999964,2,5,0.0,0.0,1.0,-0.7127659574467969,2367.8328571428574,2373.712857142857,3,0.0031999999999941793,critical,88.84444999999903,critical,0.6004018448651467,0.0063052972047775106,0.008671356834514296,-0.7132371941633261,-0.7490270932980665,19.067140000000016,88.84444999999903,1.3239724786881006,0.0,0.5099641215421356,28.362300879105163,0,1.0,5
14,XAUUSD,short,2024-04-17T23:00:00,2372.76,0.1,2024-04-18T06:00:00,2373.14,7.0,6,0.7000000000000001,0.0,0.1,0.0,23.955,24.755,-3.799999999996544,-28.554999999996543,18.0600000000004,2.1799999999998363,1,6,0.0,0.8792912513842863,0.04405948425880214,-0.17431192660535913,2374.9371428571426,2374.1414285714286,3,1.3944500000001214,critical,16.878049999999682,critical,0.3765993761593433,0.007603024351593502,0.007603024351593502,-0.02106412400103662,-0.04252557435387383,22.77865833333318,92.47999999999877,1.345085836003663,0.0,0.6457138069791843,-0.8174951340830459,0,1.0,1
15,XAUUSD,long,2024-04-18T21:00:00,2384.83,0.1,2024-04-19T01:00:00,2378.6,4.0,3,0.7000000000000001,0.0,0.1,0.0,0.0,0.8,-62.30000000000018,-63.10000000000018,0.34999999999990905,7.920000000000073,2,3,0.0,0.0,0.0,-0.7866161616161567,2378.662857142857,2378.2971428571427,1,5.056199999999479,underdamped,1.6200000000003274,overdamped,0.0,0.003325170661344279,0.01387095151037383,-0.785627506110357,0.0,2.630416666666953,5.248800000000766,1.1549879331958948,0.0,0.3563838715562813,-0.6913580246913407,1,1.0,1
16,XAUUSD,long,2024-04-24T03:00:00,2323.34,0.1,2024-04-24T05:00:00,2318.34,2.0,2,0.7000000000000001,0.0,0.1,0.0,0.0,0.8,-50.0,-50.8,0.23999999999978172,7.2800000000002,1,2,0.0,0.0,1.0,-0.6868131868131679,2316.537142857143,2317.0414285714287,1,1.0658000000000531,critical,3.458450000000287,critical,0.7141426989180854,0.00323673348168361,0.004954096060395968,-0.6648907552205214,-0.30135072056950535,3.133450000000014,3.458450000000287,1.3197648481944244,0.0,0.18796351418161483,0.231444391034416,0,1.0,2
17,XAUUSD,short,2024-04-29T07:00:00,2328.45,0.1,2024-04-29T08:00:00,2332.66,1.0,1,0.7000000000000001,0.0,0.1,0.0,0.0,0.8,-42.100000000000364,-42.90000000000036,1.0399999999999636,4.860000000000127,1,1,0.0,0.0,0.0,-0.8662551440329066,2333.212857142857,2333.212857142857,0,8.819999999999236,underdamped,8.946450000000077,underdamped,0.0,0.005501466628301159,0.006871464953381406,-0.328652315487496,0.0,8.946450000000077,8.946450000000077,1.193155124861505,0.0,0.8966101694915054,0.0,0,1.0,1
18,XAUUSD,short,2024-05-13T11:00:00,2348.63,0.1,2024-05-13T16:00:00,2347.17,5.0,5,0.7000000000000001,0.0,0.1,0.0,0.0,0.8,14.600000000000364,13.800000000000363,10.210000000000036,1.7799999999997453,4,1,0.1429970617042146,0.8256611165524251,0.26710507905411784,0.8202247191012614,2351.232857142857,2348.5057142857145,3,0.470450000000247,overdamped,3.432199999999714,overdamped,0.0,0.0043599328979076505,0.007012509260599577,0.14257994620800868,0.0,5.629520000000011,14.418449999999414,1.102638285395264,0.0,0.510178711788446,-0.7619577693857624,1,1.0,1
19,XAUUSD,short,2024-05-16T22:00:00,2379.72,0.1,2024-05-17T06:00:00,2375.18,8.0,7,0.7000000000000001,0.0,0.1,0.0,4.7909999999999995,5.590999999999999,45.399999999999636,39.808999999999635,5.709999999999582,2.1700000000000728,7,1,0.7950963222417331,0.6199649737302572,0.3304978734050789,2.0921658986174245,2382.647142857143,2380.76,5,1.53125,critical,4.440200000000054,critical,0.3222570489757114,0.0016010354202822803,0.002395249841367149,1.1915960425525778,0.5920079876790092,1.25435714285715,4.440200000000054,1.3403060073449993,0.0,0.29995598296874476,2.696316337147981,2,1.0,7
20,XAUUSD,short,2024-05-21T06:00:00,2414.01,0.1,2024-05-21T15:00:00,2423.49,9.0,9,0.7000000000000001,0.0,0.1,0.0,0.0,0.8,-94.79999999999563,-95.59999999999563,7.75,9.779999999999745,1,9,0.0,0.0,0.15926267281106593,-0.9693251533742138,2422.5842857142857,2421.35,4,20.480000000000583,critical,6.51605000000046,critical,0.0,0.003371940812911084,0.006611323756027256,-1.1646336378710787,0.0,8.861944444444653,37.75805000000047,1.336257687450929,0.0,0.6547301912157593,245.3534971644397,0,1.0,5
21,XAUUSD,short,2024-05-29T16:00:00,2337.83,0.1,2024-05-29T17:00:00,2345.72,1.0,1,0.7000000000000001,0.0,0.1,0.0,0.0,0.8,-78.89999999999873,-79.69999999999872,1.8600000000001273,9.409999999999854,1,1,0.0,0.0,0.0,-0.8384697130712003,2346.292857142857,2346.292857142857,0,8.282450000000667,underdamped,32.56245000000132,critical,0.0,0.004098115209226289,0.004098115209226289,-0.8235309251374014,0.0,32.56245000000132,32.56245000000132,1.3977450540750467,0.0,0.8660159716060545,0.0,0,1.0,1
22,XAUUSD,long,2024-05-30T23:00:00,2341.55,0.1,2024-05-31T07:00:00,2343.71,8.0,7,0.7000000000000001,0.0,0.1,0.0,-6.809000000000001,7.609000000000001,21.599999999998545,13.990999999998543,6.199999999999818,4.539999999999964,5,7,0.3483870967741803,0.2677419354838554,0.3903225806451845,0.47577092511010394,2339.3185714285714,2341.7385714285715,6,0.49005000000023413,critical,0.6160499999996366,critical,0.6605439313814636,0.0026349729669710507,0.0026349729669710507,0.35008552252454916,0.1396524658172052,1.8901714285711755,7.960049999999129,1.3041539819566748,0.0,0.6288310774213189,-0.5305212620029572,0,1.0,6
23,XAUUSD,long,2024-06-03T21:00:00,2348.45,0.1,2024-06-04T10:00:00,2344.48,13.0,12,0.7000000000000001,0.0,0.1,0.0,-6.809000000000001,7.609000000000001,-39.699999999998,-47.308999999998,4.410000000000309,5.230000000000018,6,7,0.0,0.0,1.0,-0.7590822179731904,2340.644285714286,2345.387142857143,9,0.2664500000000133,critical,5.379199999999165,critical,0.0,0.0015669976665360138,0.002222752124814879,-1.078799754139403,0.0,2.096112499999858,6.697799999999467,1.3471862259701792,0.0,0.4731261750591637,371.26297577817024,0,1.0,10
24,XAUUSD,short,2024-06-04T19:00:00,2326.11,0.1,2024-06-05T04:00:00,2328.24,9.0,8,0.7000000000000001,0.0,0.1,0.0,4.7909999999999995,5.590999999999999,-21.299999999996544,-26.890999999996545,3.5300000000002,4.299999999999727,1,2,0.0,0.0,0.7810602994738235,-0.4953488372092534,2331.262857142857,2328.505714285714,6,35.87045000000216,critical,0.19220000000021428,critical,0.0,0.001848579817807295,0.003189874941425845,-0.4953488372092534,0.0,1.985368750000151,11.80980000000062,1.3089212473974947,0.0,0.5577899738861084,-0.9152725429257006,0,1.0,2
25,XAUUSD,long,2024-06-05T17:00:00,2345.08,0.1,2024-06-05T18:00:00,2349.04,1.0,1,0.7000000000000001,0.0,0.1,0.0,0.0,0.8,39.600000000000364,38.80000000000037,5.25,10.949999999999818,1,1,0.7542857142857212,0.0,0.0,0.3616438356164477,2337.6642857142856,2337.6642857142856,0,5.544450000001272,critical,6.020449999999306,critical,0.0,0.005064910149005416,0.00522691905949554,0.33340013986730943,0.0,6.020449999999306,6.020449999999306,1.3913814848536208,0.0,0.9191358024691383,0.0,0,1.0,1
26,XAUUSD,short,2024-06-07T15:00:00,2336.68,0.1,2024-06-07T16:00:00,2319.35,1.0,1,0.7000000000000001,0.0,0.1,0.0,0.0,0.8,173.29999999999927,172.49999999999926,23.0,2.75,1,1,0.753478260869562,0.8804347826086957,0.0,6.301818181818155,2334.555714285714,2334.555714285714,0,4.410450000000757,overdamped,149.64500000000314,overdamped,0.12590419193612476,0.014387996593442759,0.02133377841115772,0.5154647779579207,5.89059455070481,149.64500000000314,149.64500000000314,1.5202787156256143,0.0,0.2209708737864099,0.0,0,1.0,1
27,XAUUSD,long,2024-06-11T03:00:00,2309.97,0.1,2024-06-11T05:00:00,2302.85,2.0,2,0.7000000000000001,0.0,0.1,0.0,0.0,0.8,-71.19999999999891,-71.9999999999989,2.019999999999982,8.259999999999764,1,2,0.0,0.0,0.0,-0.8619854721549751,2304.787142857143,2304.787142857143,0,0.0031999999999941793,overdamped,31.840200000000145,critical,0.7766841869731285,0.004805319618691355,0.00529018069733424,-0.6414331109249181,-0.396852564234371,16.141000000000098,31.840200000000145,1.26373493483591,0.0,0.37157654093701636,71.06926210954379,1,1.0,2
28,XAUUSD,short,2024-06-13T12:00:00,2315.63,0.1,2024-06-13T14:00:00,2316.39,2.0,2,0.7000000000000001,0.0,0.1,0.0,0.0,0.8,-7.599999999997635,-8.399999999997636,2.150000000000091,4.389999999999873,1,2,0.0,0.0,0.27176079734216063,-0.1731207289293361,2318.82,2318.2357142857145,1,1.0512500000003957,overdamped,0.38719999999969584,overdamped,0.4738141419515919,0.005043961928451675,0.008680105715914353,-0.06506877414760012,-0.06926859932455272,0.19782499999982545,0.38719999999969584,1.4582433923539426,0.0,0.31437072223924356,44.82248520730823,1,1.0,2
29,XAUUSD,long,2024-06-14T16:00:00,2330.37,0.1,2024-06-17T05:00:00,2326.32,61.0,12,0.7000000000000001,0.0,0.1,0.0,-6.809000000000001,7.609000000000001,-40.49999999999727,-48.10899999999727,5.2400000000002365,7.599999999999909,5,12,0.0,0.0,0.2031079607415344,-0.5328947368420758,2324.137142857143,2325.2014285714286,6,1.3121999999998233,overdamped,0.004999999999990905,critical,0.0,0.0027077129051914046,0.0027077129051914046,-0.6418411060561365,0.0,3.269374999999703,14.311249999999513,1.2225600329265773,0.0,0.510651590341093,0.0,7,1.0,5
30,XAUUSD,short,2024-06-17T16:00:00,2319.62,0.1,2024-06-17T17:00:00,2320.99,1.0,1,0.7000000000000001,0.0,0.1,0.0,0.0,0.8,-13.699999999998909,-14.49999999999891,0.8800000000001091,6.690000000000055,1,1,0.0,0.0,0.0,-0.2047832585948998,2324.7314285714288,2324.7314285714288,0,1.0224500000004162,critical,0.9384499999998505,critical,0.0,0.004129969003677279,0.004129969003677279,-0.1430068795552923,0.0,0.9384499999998505,0.9384499999998505,1.3225553461771016,0.0,0.2985468956407093,0.0,0,1.0,1
31,XAUUSD,short,2024-06-21T21:00:00,2319.36,0.1,2024-06-24T09:00:00,2325.16,60.0,11,0.7000000000000001,0.0,0.1,0.0,4.7909999999999995,5.590999999999999,-57.99999999999727,-63.59099999999727,2.5399999999999636,7.929999999999836,1,11,0.0,0.0,1.0,-0.7313997477931711,2333.5114285714285,2326.8042857142855,8,14.688200000000394,critical,0.23805000000003765,overdamped,0.0,0.001741874843705521,0.0031819396897391733,-1.4356311847036807,0.0,1.2534045454545257,4.089799999999063,1.5180205055208271,0.0,0.5714076968243481,-0.9417942197662252,1,1.0,1
32,XAUUSD,long,2024-06-27T17:00:00,2323.36,0.1,2024-06-28T04:00:00,2321.66,11.0,10,0.7000000000000001,0.0,0.1,0.0,-6.809000000000001,7.609000000000001,-17.00000000000273,-24.60900000000273,7.589999999999691,1.900000000000091,2,10,0.0,0.7496706192358145,0.05966497270841197,-0.894736842105364,2321.367142857143,2321.8199999999997,4,0.13005000000011133,overdamped,18.483199999999556,underdamped,0.0,0.0032581841971609073,0.0032581841971609073,-0.22457260686640876,0.0,4.0472100000000975,18.483199999999556,1.170401670056554,0.0,0.5226787568920936,0.14984960605178302,2,1.0,10
33,XAUUSD,long,2024-07-05T13:00:00,2362.48,0.1,2024-07-05T16:00:00,2372.18,3.0,3,0.7000000000000001,0.0,0.1,0.0,0.0,0.8,96.99999999999818,96.19999999999818,13.730000000000018,13.800000000000182,3,3,0.7064821558630594,0.0,0.30746020185204126,0.7028985507246153,2361.65,2365.8714285714286,1,8.040050000000875,critical,19.719200000001255,critical,0.0,0.009600040635092759,0.012880477800964362,0.42769140469789846,0.0,7.788700000000539,19.719200000001255,1.2389717200233903,0.0,0.8968766198401948,4.971082075428468,1,1.0,3
34,XAUUSD,short,2024-07-08T17:00:00,2375.38,0.1,2024-07-08T18:00:00,2373.29,1.0,1,0.7000000000000001,0.0,0.1,0.0,0.0,0.8,20.900000000001455,20.100000000001454,2.119999999999891,4.199999999999818,1,1,0.985849056603893,0.0,0.0,0.4976190476191038,2379.3114285714287,2379.3114285714287,0,3.8364499999999495,overdamped,2.5764499999999586,overdamped,0.0,0.010313401107112036,0.010313401107112036,0.08531222759461121,0.0,2.5764499999999586,2.5764499999999586,1.213164137308727,0.0,0.003164556962022584,0.0,0,1.0,1
35,XAUUSD,long,2024-07-15T20:00:00,2430.26,0.1,2024-07-15T21:00:00,2421.47,1.0,1,0.7000000000000001,0.0,0.1,0.0,0.0,0.8,-87.90000000000418,-88.70000000000418,0.08999999999969077,9.770000000000437,1,1,0.0,0.0,0.0,-0.899692937563974,2425.825714285714,2425.825714285714,0,4.620799999999889,critical,38.45644999999984,critical,0.0,0.004304048521357724,0.004304048521357724,-0.8403476260965548,0.0,38.45644999999984,38.45644999999984,1.3167829034283942,0.0,0.10243407707912831,0.0,0,1.0,1
36,XAUUSD,short,2024-07-18T01:00:00,2458.59,0.1,2024-07-18T07:00:00,2468.05,6.0,6,0.7000000000000001,0.0,0.1,0.0,23.955,24.755,-94.60000000000036,-119.35500000000036,1.1600000000003092,10.440000000000055,3,6,0.0,0.0,1.0,-0.9061302681992325,2467.4614285714283,2465.6628571428573,5,0.4417999999996238,critical,2.9040499999996494,overdamped,0.7748089972928218,0.0028629640624811075,0.006490469664374413,-1.343968621242182,-0.49660417950264,3.2762916666667254,6.3012499999990315,1.5263088778138278,0.0,0.7008714455784864,91.92959999998878,0,1.0,4
37,XAUUSD,long,2024-07-23T07:00:00,2398.35,0.1,2024-07-23T09:00:00,2392.6,2.0,2,0.7000000000000001,0.0,0.1,0.0,0.0,0.8,-57.5,-58.3,1.300000000000182,7.559999999999945,1,2,0.0,0.0,0.5384615384613232,-0.760582010582016,2394.0214285714287,2394.7214285714285,1,0.9112499999998772,critical,7.801250000001078,underdamped,0.2511599577510009,0.00419455042008045,0.0057205995788772515,-0.5715705765407586,-0.9545636268626538,4.710625000000293,7.801250000001078,1.2742741222592793,0.0,0.24471482240439646,3.8155864197552116,1,1.0,2
38,XAUUSD,long,2024-07-26T16:00:00,2377.56,0.1,2024-07-29T02:00:00,2395.83,58.0,9,0.7000000000000001,0.0,0.1,0.0,-6.809000000000001,7.609000000000001,182.69999999999982,175.0909999999998,25.63000000000011,3.5399999999999636,9,1,0.7128365197034687,0.8618806086617266,0.7930996042583838,5.16101694915259,2369.8528571428574,2390.18,6,9.03125,critical,35.70124999999846,underdamped,0.0,0.005572940325375596,0.010779959285990726,1.3788679245283004,0.0,8.427183333333165,35.70124999999846,1.2937650319559904,0.0,0.575977767750448,3.6944444444440228,1,1.0,9
39,XAUUSD,long,2024-07-30T15:00:00,2387.19,0.1,2024-07-30T17:00:00,2393.8,2.0,2,0.7000000000000001,0.0,0.1,0.0,0.0,0.8,66.10000000000127,65.30000000000128,10.599999999999909,1.3899999999998727,2,1,0.6235849056603947,0.8688679245283127,0.3885444743935517,4.755395683453765,2384.93,2389.0485714285714,1,10.305799999999834,critical,26.791200000001197,critical,0.0,0.005529675927477577,0.010791246355440957,0.5007428919534778,0.0,13.474000000000583,26.791200000001197,1.3076233738447054,0.0,0.4846712744327216,169.86224489800014,0,1.0,2
40,XAUUSD,short,2024-08-02T22:00:00,2429.04,0.1,2024-08-02T23:00:00,2437.54,1.0,1,0.7000000000000001,0.0,0.1,0.0,0.0,0.8,-85.0,-85.8,3.3600000000001273,9.240000000000236,1,1,0.0,0.0,0.0,-0.9199134199133964,2437.117142857143,2437.117142857143,0,0.6844500000000852,overdamped,36.55125000000155,overdamped,0.6156081199383063,0.007570892204327584,0.012247636926522412,-0.46220772158782264,-0.5684338336050454,36.55125000000155,36.55125000000155,1.8333481147316937,0.0,0.9452380952380924,0.0,0,1.0,1
41,XAUUSD,long,2024-08-07T17:00:00,2400.03,0.1,2024-08-07T19:00:00,2394.55,2.0,2,0.7000000000000001,0.0,0.1,0.0,0.0,0.8,-54.80000000000018,-55.60000000000018,3.3899999999998727,8.0,1,2,0.0,0.0,0.0,-0.6850000000000023,2393.397142857143,2393.397142857143,0,7.144199999999038,underdamped,10.125,underdamped,0.0,0.006749746884491945,0.007962201417446899,-0.3382800616226819,0.0,5.327725000000103,10.125,1.1941729054016748,0.0,0.22691931057776255,18.087567159951107,1,1.0,2
42,XAUUSD,long,2024-08-20T15:00:00,2526.38,0.1,2024-08-20T19:00:00,2508.52,4.0,4,0.7000000000000001,0.0,0.1,0.0,0.0,0.8,-178.60000000000127,-179.40000000000128,5.289999999999964,20.480000000000018,2,4,0.0,0.0,0.19092627599239517,-0.8720703125000054,2517.9685714285715,2518.9785714285713,1,5.916800000000188,critical,117.04499999999582,overdamped,0.0,0.010073901667636382,0.010073901667636382,-0.7017542840792778,0.0,35.03369999999885,117.04499999999582,1.4683488629291428,0.0,0.502438197076044,1105.2854442341902,1,1.0,4
43,XAUUSD,short,2024-08-27T09:00:00,2513.63,0.1,2024-08-27T10:00:00,2514.95,1.0,1,0.7000000000000001,0.0,0.1,0.0,0.0,0.8,-13.19999999999709,-13.99999999999709,0.8600000000001273,3.869999999999891,1,1,0.0,0.0,0.0,-0.3410852713177639,2514.342857142857,2514.342857142857,0,19.468799999998637,critical,0.966049999999823,critical,0.0,0.003982336091661268,0.003982336091661268,-0.13186655803108294,0.0,0.966049999999823,0.966049999999823,1.377318303480898,0.0,0.4693446088794485,0.0,0,1.0,1
44,XAUUSD,long,2024-08-28T03:00:00,2525.34,0.1,2024-08-28T05:00:00,2517.16,2.0,2,0.7000000000000001,0.0,0.1,0.0,0.0,0.8,-81.80000000000291,-82.60000000000291,0.5599999999999454,8.450000000000273,1,2,0.0,0.0,0.0,-0.9680473372781097,2518.2385714285715,2518.2385714285715,0,0.04499999999991815,critical,26.572049999999734,critical,0.35456610658361903,0.0059477139711880305,0.00871961795243412,-0.544607190412803,-0.9135582152615537,13.488524999999909,26.572049999999734,1.3558721164174325,0.0,0.1486696066135401,64.60999999998609,0,1.0,2
45,XAUUSD,short,2024-08-28T12:00:00,2508.23,0.1,2024-08-28T17:00:00,2506.62,5.0,5,0.7000000000000001,0.0,0.1,0.0,0.0,0.8,16.100000000001273,15.300000000001273,14.590000000000146,3.1599999999998545,4,1,0.11034955448938391,0.7834132967786276,0.5225692744541476,0.5094936708861397,2511.67,2504.045714285714,2,1.5664500000007726,critical,18.06005000000131,critical,0.15131538123108804,0.005820814595094532,0.005820814595094532,0.11027441225131646,0.4242046664890253,7.866990000000439,18.06005000000131,1.2958859737480855,0.0,0.5343655087899972,8.696931461245063,2,1.0,5
46,XAUUSD,long,2024-08-29T11:00:00,2519.2,0.1,2024-08-29T16:00:00,2509.21,5.0,5,0.7000000000000001,0.0,0.1,0.0,0.0,0.8,-99.89999999999782,-100.69999999999781,5.220000000000255,15.519999999999982,3,5,0.0,0.0,0.5180623973726876,-0.643685567010296,2512.6614285714286,2515.365714285714,2,2.4642000000005653,overdamped,57.78125,critical,0.0,0.006148850613495809,0.006148850613495809,-0.6449245341291873,0.0,16.30574999999975,57.78125,1.2040824878314056,0.0,0.4847518965117765,28.477221712069657,3,1.0,5
47,XAUUSD,long,2024-09-10T04:00:00,2505.45,0.1,2024-09-10T12:00:00,2502.35,8.0,8,0.7000000000000001,0.0,0.1,0.0,0.0,0.8,-30.99999999999909,-31.79999999999909,2.2800000000002,5.289999999999964,7,8,0.0,0.0,1.0,-0.5860113421549963,2498.065714285714,2501.442857142857,7,0.897800000000195,critical,0.13519999999999055,critical,0.4460351786669635,0.0018479714222992495,0.0021113971542038213,-0.6695464362851276,-0.27740024539209385,1.0193562499999174,2.5764499999999586,1.244939783558092,0.0,0.46919601353736634,-0.8916840249959918,2,1.0,7
48,XAUUSD,short,2024-09-12T01:00:00,2512.06,0.1,2024-09-12T02:00:00,2512.91,1.0,1,0.7000000000000001,0.0,0.1,0.0,23.955,24.755,-8.49999999999909,-33.254999999999086,0.04999999999972715,1.8800000000001091,1,1,0.0,0.0,0.0,-0.45212765957439344,2513.5042857142853,2513.5042857142853,0,1.3612500000001502,overdamped,1.1704499999996103,overdamped,0.4980287200154949,0.0015330216852885302,0.004340243212894938,-0.22071945713098942,-0.06794140589650963,1.1704499999996103,1.1704499999996103,1.6736753445548724,0.0,0.4663212435231671,0.0,0,1.0,1
49,XAUUSD,long,2024-09-12T18:00:00,2553.37,0.1,2024-09-16T11:00:00,2582.16,89.0,39,0.7000000000000001,0.0,0.1,0.0,-13.618000000000002,14.418000000000003,287.89999999999964,273.48199999999963,36.32999999999993,8.440000000000055,38,2,0.7924580236718971,0.7676851087255692,1.0,3.4111374407582673,2539.7685714285717,2581.9785714285713,31,31.20500000000072,critical,4.836050000000396,critical,0.0,0.0033015320988815876,0.005749287213710498,3.4151704919393775,0.0,3.0951820512820185,36.125,1.324653118051747,0.0,0.6127830615933372,6044.0625000114915,6,1.0,21
50,XAUUSD,short,2024-09-16T20:00:00,2583.67,0.1,2024-09-17T06:00:00,2581.59,10.0,9,0.7000000000000001,0.0,0.1,0.0,4.7909999999999995,5.590999999999999,20.799999999999272,15.208999999999273,5.260000000000218,2.6900000000000546,8,9,0.3954372623573842,0.488593155893547,0.3519826181423127,0.7732342007434517,2586.9814285714288,2585.13,5,7.106449999999931,underdamped,0.5617999999999421,critical,0.0,0.0015752480918983904,0.002658956852909716,0.5110664011839658,0.0,1.3759555555554122,5.8140499999995034,1.3098028311888603,0.0,0.5384331235208555,-0.0542883595652539,0,1.0,7
51,XAUUSD,short,2024-09-27T11:00:00,2664.71,0.1,2024-09-27T15:00:00,2666.16,4.0,4,0.7000000000000001,0.0,0.1,0.0,0.0,0.8,-14.499999999998181,-15.299999999998182,6.349999999999909,4.480000000000018,2,4,0.0,0.294488188976365,0.4598425196850574,-0.3236607142856724,2670.611428571429,2667.691428571429,2,0.6612499999995817,critical,1.602049999999935,critical,0.0,0.0035837855282611422,0.008105734807376355,-0.15183644926164674,0.0,1.1925375000001983,2.332800000000668,1.372885114725069,0.0,0.5123720427291435,-0.31325017146798867,2,1.0,1
52,XAUUSD,long,2024-10-01T16:00:00,2651.56,0.1,2024-10-01T17:00:00,2667.96,1.0,1,0.7000000000000001,0.0,0.1,0.0,0.0,0.8,164.0000000000009,163.2000000000009,19.409999999999854,3.519999999999982,1,1,0.8449252962390631,0.8186501803194226,0.0,4.659090909090959,2659.792857142857,2659.792857142857,0,0.8580500000005242,overdamped,135.7952000000003,overdamped,0.0,0.008157492787237522,0.008157492787237522,0.7582033356272742,0.0,135.7952000000003,135.7952000000003,1.625168121789884,0.0,0.8717836894897679,0.0,0,1.0,1
53,XAUUSD,short,2024-10-02T21:00:00,2652.22,0.1,2024-10-02T22:00:00,2654.12,1.0,1,0.7000000000000001,0.0,0.1,0.0,0.0,0.8,-19.00000000000091,-19.80000000000091,1.0399999999999636,3.75,1,1,0.0,0.0,0.0,-0.5066666666666909,2655.9157142857143,2655.9157142857143,0,3.0012499999995543,critical,1.7672000000002053,critical,0.2576407061092129,0.0034122486530102,0.00404191221660419,-0.20994395980001246,-0.27805427366417357,1.7672000000002053,1.7672000000002053,1.4199104500145328,0.0,0.607515657620111,0.0,0,1.0,1
54,XAUUSD,long,2024-10-03T04:00:00,2657.84,0.1,2024-10-03T09:00:00,2653.27,5.0,5,0.7000000000000001,0.0,0.1,0.0,0.0,0.8,-45.70000000000164,-46.500000000001634,1.1099999999996726,5.940000000000055,1,5,0.0,0.0,1.0,-0.7693602693602899,2651.135714285714,2654.4871428571428,4,3.075200000000045,overdamped,1.53125,overdamped,0.1374272431448066,0.0022311434516127204,0.006320946034923124,-0.770654773286135,-1.2511648429559754,1.0267899999997316,2.9281999999990758,1.5920509242793595,0.0,0.403770431661472,17.21832242713964,0,1.0,2
55,XAUUSD,short,2024-10-03T14:00:00,2646.81,0.1,2024-10-03T16:00:00,2642.45,2.0,2,0.7000000000000001,0.0,0.1,0.0,0.0,0.8,43.60000000000127,42.800000000001276,4.690000000000055,7.130000000000109,2,2,0.9296375266524683,0.0,0.0,0.6115007012622806,2650.814285714286,2650.814285714286,0,1.805000000000173,overdamped,15.345800000002317,overdamped,0.0,0.0032983349642397085,0.005803256019555812,0.4994234885087097,0.0,8.045000000001314,15.345800000002317,1.5896661450006482,0.0,0.41894075289747273,19.620532115017348,0,1.0,2
56,XAUUSD,long,2024-10-04T05:00:00,2658.32,0.1,2024-10-04T11:00:00,2661.08,6.0,6,0.7000000000000001,0.0,0.1,0.0,0.0,0.8,27.599999999997635,26.799999999997635,9.579999999999927,0.3400000000001455,4,1,0.2881002087682447,0.9645093945720096,0.9509394572024783,8.11764705881936,2650.938571428572,2660.0485714285714,4,0.5100500000002205,overdamped,0.31204999999997124,critical,0.6132221533007713,0.0036113305495993338,0.0036113305495993338,0.2874978369797247,0.16931053714221755,7.3104916666663655,25.776199999998823,1.4573856885671173,0.0,0.49341482501485534,-0.9567797783933496,1,1.0,5
57,XAUUSD,short,2024-10-04T22:00:00,2645.66,0.1,2024-10-07T01:00:00,2651.57,51.0,2,0.7000000000000001,0.0,0.1,0.0,0.0,0.8,-59.10000000000309,-59.90000000000309,2.8799999999996544,8.300000000000182,1,2,0.0,0.0,0.18750000000000988,-0.712048192771106,2652.76,2652.2200000000003,1,9.856800000000243,overdamped,1.7672000000002053,critical,0.2972246940240145,0.0031485884269530987,0.0031485884269530987,-0.7094757484497526,-0.7515684852861831,9.973824999999335,18.180449999998466,1.453905697817412,0.0,0.9242871927759171,-0.9027966854505607,0,1.0,1
58,XAUUSD,long,2024-10-10T13:00:00,2617.22,0.1,2024-10-10T16:00:00,2625.11,3.0,3,0.7000000000000001,0.0,0.1,0.0,0.0,0.8,78.90000000000327,78.10000000000328,10.140000000000327,12.989999999999782,3,3,0.7781065088757468,0.0,0.4992955762186186,0.6073903002309823,2610.1557142857146,2615.2185714285715,1,1.4449999999996908,critical,72.96319999999912,critical,0.0478940371367875,0.00496328164999495,0.0054256042671232355,0.6073903002309823,6.294414319075641,28.527999999999818,72.96319999999912,1.3638424826548332,0.0,0.6585097852370623,227.00999999989355,0,1.0,3
59,XAUUSD,long,2024-10-16T01:00:00,2662.5,0.1,2024-10-16T10:00:00,2677.26,9.0,9,0.7000000000000001,0.0,0.1,0.0,-6.809000000000001,7.609000000000001,147.60000000000218,139.99100000000217,15.25,3.800000000000182,9,3,0.9678688524590308,0.7508196721311357,0.8359718969554929,3.8842105263156608,2655.8014285714285,2668.5499999999997,7,0.732050000000044,critical,29.95379999999831,critical,0.5825105819972327,0.0027037988373664317,0.00556907454974236,2.0503233802817724,0.9516843372739628,7.394644444444397,30.57620000000128,1.4297210690172226,0.0,0.6065991985464227,105.502399999994,2,1.0,4
60,XAUUSD,short,2024-10-22T02:00:00,2720.78,0.1,2024-10-22T05:00:00,2728.16,3.0,3,0.7000000000000001,0.0,0.1,0.0,0.0,0.8,-73.79999999999654,-74.59999999999654,0.29000000000041837,9.539999999999964,1,3,0.0,0.0,1.0,-0.7735849056603441,2727.2742857142857,2726.9128571428573,2,0.5617999999999421,critical,5.746049999999569,critical,0.6205536374570778,0.004513312065391476,0.006442863233413117,-0.6009904517465171,-0.43710282130773004,3.7466166666667355,5.746049999999569,1.4665431259088753,0.0,0.6881432257190947,22.453265306132874,1,1.0,3
61,XAUUSD,long,2024-10-22T19:00:00,2737.64,0.1,2024-10-23T06:00:00,2738.96,11.0,10,0.7000000000000001,0.0,0.1,0.0,-6.809000000000001,7.609000000000001,13.200000000001637,5.591000000001636,11.25,0.4600000000000364,4,1,0.11733333333334789,0.9591111111111079,0.6130793650793446,2.8695652173914334,2731.7785714285715,2738.675714285714,8,9.07380000000093,underdamped,0.048049999999983085,critical,0.0,0.004109378881080055,0.004109378881080055,0.11733333333334789,0.0,6.346610000000258,29.799200000001967,1.1997053429140514,0.0,0.48408516858379447,-0.9983875406051176,5,1.0,1
62,XAUUSD,short,2024-10-23T20:00:00,2719.46,0.1,2024-10-24T05:00:00,2723.79,9.0,8,0.7000000000000001,0.0,0.1,0.0,23.955,24.755,-43.29999999999927,-68.05499999999927,7.449999999999818,7.320000000000164,2,8,0.0,0.017449664429484257,0.187152444870557,-0.5915300546447856,2724.345714285714,2722.9514285714286,4,2.7144499999998306,overdamped,3.125,overdamped,0.448301902683175,0.0027395144624299743,0.0027395144624299743,-0.5812080536912796,-0.35516866184110324,2.694599999999802,5.248799999999293,1.4700893940352158,0.0,0.6519835692676018,-0.17355371900826447,3,1.0,6
63,XAUUSD,long,2024-10-24T21:00:00,2735.46,0.1,2024-10-25T04:00:00,2732.46,7.0,6,0.7000000000000001,0.0,0.1,0.0,-6.809000000000001,7.609000000000001,-30.0,-37.609,2.3400000000001455,4.139999999999873,1,6,0.0,0.0,0.8308913308911204,-0.7246376811594426,2730.1571428571433,2732.1014285714286,4,1.5664499999999677,overdamped,0.9800000000001273,critical,0.2900505031781747,0.0008700674850663186,0.004189484612966212,-1.2604857696187062,-0.3781092159872365,0.5531750000000052,0.9800000000001273,1.3175088122495973,0.0,0.364792215290424,99.0000000001949,0,1.0,6
64,XAUUSD,long,2024-10-25T23:00:00,2742.59,0.1,2024-10-28T02:00:00,2734.62,51.0,2,0.7000000000000001,0.0,0.1,113.86102075433446,-6.809000000000001,121.47002075433446,-79.70000000000255,-201.170020754337,5.119999999999891,12.269999999999982,1,2,0.0,0.0,0.0,-0.6495517522412605,2734.707142857143,2734.707142857143,0,0.08404999999994034,critical,77.1282000000009,critical,0.5918812139160883,0.0064830412683132225,0.0064830412683132225,-0.4482482958037323,-0.49097895520614687,43.581700000000495,77.1282000000009,1.3044846037666304,0.0,0.7936670436670116,6.685766103316354,0,1.0,2
65,XAUUSD,short,2024-10-31T12:00:00,2779.15,0.1,2024-10-31T17:00:00,2755.34,5.0,5,0.7000000000000001,0.0,0.1,0.0,0.0,0.8,238.09999999999945,237.29999999999944,24.450000000000273,3.480000000000018,5,3,0.9738241308793325,0.8576687116564425,0.7303534910896898,6.841954022988454,2785.454285714286,2767.597142857143,3,4.351249999999464,overdamped,167.44500000000332,overdamped,0.0,0.008790520774487083,0.017113269260523957,0.9746143533624747,0.0,38.0633400000003,167.44500000000332,1.3001209718207591,0.0,0.39374839144530493,394.6639886577903,2,1.0,5
66,XAUUSD,long,2024-11-07T21:00:00,2695.24,0.1,2024-11-08T07:00:00,2693.6,10.0,9,0.7000000000000001,0.0,0.1,0.0,-6.809000000000001,7.609000000000001,-16.399999999998727,-24.00899999999873,15.190000000000055,7.7599999999997635,5,1,0.0,0.4891375905200964,0.8262954951565776,-0.21134020618555704,2682.4814285714288,2695.032857142857,7,8.569799999999473,underdamped,1.3121999999998233,overdamped,0.26560476128160315,0.0056395929104380025,0.0056395929104380025,-0.10789433652621967,-0.2290923296757279,9.080638888888856,50.20019999999982,1.1244091827102531,0.0,0.40523768569546165,3.0,4,1.0,2
67,XAUUSD,long,2024-11-13T09:00:00,2605.42,0.1,2024-11-13T11:00:00,2607.66,2.0,2,0.7000000000000001,0.0,0.1,0.0,0.0,0.8,22.399999999997817,21.599999999997817,5.289999999999964,4.320000000000164,2,2,0.423440453686162,0.18336483931943415,0.0,0.5185185185184483,2602.6985714285715,2602.6985714285715,0,0.05780000000004948,critical,1.0512499999997362,overdamped,0.6011063250432694,0.002410322937216363,0.007933339986029367,0.35669337417973346,0.1430273123937971,0.6588499999998747,1.0512499999997362,1.4660076529408084,0.0,0.6370959483342523,2.945393131918498,0,1.0,2
68,XAUUSD,short,2024-11-14T03:00:00,2572.63,0.1,2024-11-14T12:00:00,2543.57,9.0,9,0.7000000000000001,0.0,0.1,0.0,0.0,0.8,290.59999999999945,289.79999999999944,35.820000000000164,0.2899999999999636,9,1,0.8112786152987106,0.9919039642657743,0.7518943925978985,100.20689655173652,2580.362857142857,2553.4300000000003,7,1.201250000000282,overdamped,79.63219999999862,critical,0.5043706574360313,0.006689886260271964,0.013888996866909755,1.6884940950023055,2.2395897303242513,18.999272222221975,79.63219999999862,1.4575396336443562,0.0,0.40272810453964103,0.6086906896290808,1,1.0,9
69,XAUUSD,long,2024-11-15T03:00:00,2566.93,0.1,2024-11-15T08:00:00,2559.94,5.0,5,0.7000000000000001,0.0,0.1,0.0,0.0,0.8,-69.89999999999782,-70.69999999999781,4.730000000000018,7.190000000000055,1,5,0.0,0.0,0.5345816973724012,-0.9721835883170693,2561.427142857143,2563.9557142857143,4,0.0,critical,25.418450000000778,critical,0.8882291157889866,0.002801011324812151,0.00488131737133453,-0.9721835883170693,-0.3065759939938224,8.718150000000218,25.418450000000778,1.3142934940627526,0.0,0.23238121500434242,13.23165644859002,0,1.0,5
70,XAUUSD,short,2024-11-20T14:00:00,2628.16,0.1,2024-11-20T15:00:00,2631.83,1.0,1,0.7000000000000001,0.0,0.1,0.0,0.0,0.8,-36.70000000000073,-37.500000000000725,1.099999999999909,4.260000000000218,1,1,0.0,0.0,0.0,-0.8615023474178133,2629.1600000000003,2629.1600000000003,0,4.410450000000757,critical,6.956450000000068,underdamped,0.0,0.008652605865051228,0.010402913120074764,-0.1613865514199226,0.0,6.956450000000068,6.956450000000068,1.2516406672626548,0.0,0.8917910447761356,0.0,0,1.0,1
71,XAUUSD,short,2024-11-25T10:00:00,2667.87,0.1,2024-11-25T14:00:00,2686.89,4.0,4,0.7000000000000001,0.0,0.1,0.0,0.0,0.8,-190.19999999999982,-190.99999999999983,0.6700000000000728,20.90000000000009,1,4,0.0,0.0,0.0,-0.9100478468899473,2682.354285714286,2682.354285714286,0,0.39604999999988666,critical,41.95279999999867,critical,0.4659792904396948,0.007833964923328383,0.016203937972989697,-0.9100478468899473,-1.529957029712463,14.909549999999987,41.95279999999867,1.3778419234860164,0.0,0.8272464630406279,3.8021794372831232,0,1.0,4
72,XAUUSD,short,2024-12-02T06:00:00,2629.39,0.1,2024-12-02T14:00:00,2641.91,8.0,8,0.7000000000000001,0.0,0.1,0.0,0.0,0.8,-125.19999999999982,-125.99999999999982,7.449999999999818,16.890000000000327,2,8,0.0,0.0,0.16510067114094606,-0.7412670219064381,2640.114285714286,2638.884285714286,5,3.511250000000241,overdamped,18.0,underdamped,0.25381563937843304,0.0028371491595040833,0.007397124819350353,-1.6782905650947162,-1.8759918332151053,6.97116874999993,18.0,1.1521939633147154,0.0,0.5308124308219432,63.0,7,1.0,8
73,XAUUSD,long,2024-12-03T12:00:00,2644.05,0.1,2024-12-03T15:00:00,2639.96,3.0,3,0.7000000000000001,0.0,0.1,0.0,0.0,0.8,-40.900000000001455,-41.70000000000145,1.6299999999996544,5.760000000000218,2,3,0.0,0.0,0.5249780893951602,-0.7100694444444428,2639.4428571428575,2640.2985714285714,1,0.6049999999999,critical,7.0687999999991105,critical,0.3166351048257362,0.004390991093209157,0.004390991093209157,-0.3522825150732352,-0.488533760914234,2.6989499999996522,7.0687999999991105,1.2911345553108502,0.0,0.22384929891360125,8.9834757432363,0,1.0,3
74,XAUUSD,long,2024-12-09T05:00:00,2646.15,0.1,2024-12-09T21:00:00,2663.03,16.0,16,0.7000000000000001,0.0,0.1,0.0,0.0,0.8,168.8000000000011,168.00000000000108,30.25,11.400000000000091,13,2,0.5580165289256235,0.6231404958677655,1.0,1.4807017543859626,2632.2714285714287,2662.5785714285716,14,0.15679999999996944,critical,1.080449999999706,critical,0.32870180108666575,0.004308145796723576,0.005411635772726304,1.4807017543859626,1.9406888000827223,12.286437500000082,42.50419999999816,1.3272975757735779,0.0,0.5637569221122687,-0.9598909339292866,2,1.0,11
75,XAUUSD,short,2024-12-17T16:00:00,2637.05,0.1,2024-12-17T21:00:00,2647.29,5.0,5,0.7000000000000001,0.0,0.1,0.0,0.0,0.8,-102.39999999999782,-103.19999999999781,3.900000000000091,12.029999999999745,1,5,0.0,0.0,0.0,-0.8512053200332501,2647.1085714285714,2648.047142857143,2,18.06005000000131,underdamped,0.8580499999999285,overdamped,0.0,0.004565725207050316,0.005073870703516105,-0.8504951136818953,0.0,6.464710000000137,25.347199999999223,1.2610602593822313,0.0,0.5733643269121241,18.067777777753065,3,1.0,4
76,XAUUSD,long,2024-12-18T05:00:00,2647.49,0.1,2024-12-18T10:00:00,2644.55,5.0,5,0.7000000000000001,0.0,0.1,0.0,0.0,0.8,-29.399999999995998,-30.199999999996,1.9500000000002728,4.729999999999563,3,2,0.0,0.0,1.0,-0.621564482029571,2641.272857142857,2643.5871428571427,4,6.336799999999806,overdamped,2.5992000000004563,critical,0.0,0.001756433646469431,0.0019906247993321706,-0.6322389593843785,0.0,1.4453100000001844,2.8560500000007827,1.2809820350944328,0.0,0.49226669340459067,0.9565659226930322,2,1.0,3
77,XAUUSD,long,2024-12-20T14:00:00,2603.72,0.1,2024-12-20T16:00:00,2609.63,2.0,2,0.7000000000000001,0.0,0.1,0.0,0.0,0.8,59.10000000000309,58.300000000003095,10.41000000000031,3.1099999999996726,2,2,0.5677233429394941,0.7012487992315485,0.47811170577745576,1.9003215434086596,2597.4199999999996,2602.397142857143,1,0.16820000000022156,overdamped,17.82045000000152,overdamped,0.2817796391076044,0.010888267555651285,0.010888267555651285,0.2084656084656167,0.8055334758443952,8.911125000000759,17.82045000000152,1.5390735545828877,0.0,0.508579881656759,9899.250000018854,0,1.0,2
78,XAUUSD,short,2024-12-24T01:00:00,2613.32,0.1,2024-12-24T04:00:00,2617.6,3.0,3,0.7000000000000001,0.0,0.1,0.0,4.7909999999999995,5.590999999999999,-42.79999999999745,-48.390999999997454,0.2600000000002183,4.690000000000055,1,3,0.0,0.0,1.0,-0.9125799573560118,2618.7271428571426,2617.9714285714285,2,2.69120000000038,overdamped,0.39604999999988666,critical,0.26282352283821464,0.0025446168916644055,0.0031224171181926156,-0.6436188737651136,-0.6231418863466347,1.1746999999998504,2.4199999999996,1.2783971844374098,0.0,0.771727310672266,-0.8363429752066314,1,1.0,1
79,XAUUSD,long,2024-12-26T07:00:00,2627.36,0.1,2024-12-26T16:00:00,2623.15,9.0,9,0.7000000000000001,0.0,0.1,0.0,0.0,0.8,-42.100000000000364,-42.90000000000036,3.7100000000000364,5.640000000000327,9,9,0.0,0.0,0.5232961108971195,-0.7464539007091829,2621.05,2622.9914285714285,7,0.05444999999997599,critical,6.40819999999974,critical,0.5058765880169114,0.001412069195196695,0.0021428435495842234,-1.1347665704341823,-0.31675095385033764,1.2406999999999622,6.40819999999974,1.4062445598711468,0.0,0.4071570767479466,13.200997229921759,0,1.0,9
80,XAUUSD,short,2024-12-27T17:00:00,2615.83,0.1,2024-12-30T02:00:00,2624.02,57.0,8,0.7000000000000001,0.0,0.1,0.0,4.7909999999999995,5.590999999999999,-81.90000000000055,-87.49100000000054,3.0900000000001455,10.269999999999982,6,8,0.0,0.0,0.0,-0.7974683544303864,2622.06,2622.9528571428573,2,4.380800000000107,critical,2.7378000000003406,overdamped,0.0,0.0021255285149589594,0.00416313049063004,-1.473015951551449,0.0,5.61262499999978,18.78844999999788,1.2985885303222429,0.0,0.6649614420380454,-0.04140333677609549,3,1.0,7
81,XAUUSD,long,2024-12-31T17:00:00,2613.73,0.1,2024-12-31T18:00:00,2625.66,1.0,1,0.7000000000000001,0.0,0.1,0.0,0.0,0.8,119.29999999999836,118.49999999999837,12.900000000000091,1.300000000000182,1,1,0.9248062015503684,0.899224806201537,0.0,9.176923076921668,2615.237142857143,2615.237142857143,0,0.17404999999981755,critical,70.32980000000151,overdamped,0.0,0.005226007613290859,0.007927004227480635,0.8733929519023053,0.0,70.32980000000151,70.32980000000151,1.4793472123259057,0.0,0.9352112676056299,0.0,0,1.0,1
82,XAUUSD,short,2025-01-03T20:00:00,2641.85,0.1,2025-01-06T04:00:00,2641.44,56.0,7,0.7000000000000001,0.0,0.1,0.0,4.7909999999999995,5.590999999999999,4.099999999998545,-1.4910000000014545,5.119999999999891,5.570000000000164,4,7,0.08007812499997329,0.0,0.7477678571428275,0.07360861759422664,2650.6871428571426,2646.8585714285714,4,1.6561999999994703,overdamped,1.6744499999998668,overdamped,0.34555563925058547,0.0019380358460926589,0.0027405038136153765,0.08007812499997329,0.04491151615248136,1.3645428571428717,2.8322000000002596,1.1884086647320444,0.0,0.5437819217192973,412.4444444430746,0,1.0,2
83,XAUUSD,long,2025-01-07T13:00:00,2643.97,0.1,2025-01-07T16:00:00,2662.35,3.0,3,0.7000000000000001,0.0,0.1,0.0,0.0,0.8,183.8000000000011,183.00000000000108,20.29000000000042,1.919999999999618,3,1,0.9058649581074288,0.9053721044849887,0.6657044286418173,9.572916666668629,2640.0785714285716,2653.5857142857144,2,3.2257999999999076,critical,56.28605000000135,critical,0.0,0.007674065893334804,0.007674065893334804,0.9058649581074288,0.0,23.867566666667244,56.28605000000135,1.292497637033288,0.0,0.8763906805306018,4.485729183417528,2,1.0,3
84,XAUUSD,long,2025-01-15T03:00:00,2672.73,0.1,2025-01-15T16:00:00,2693.84,13.0,13,0.7000000000000001,0.0,0.1,0.0,0.0,0.8,211.10000000000127,210.30000000000126,21.420000000000073,3.449999999999818,13,2,0.9855275443510764,0.8389355742297009,0.74869947979194,6.118840579710504,2668.598571428571,2684.6357142857146,10,4.263200000000213,overdamped,41.223200000003466,underdamped,0.0,0.002510551049118515,0.006094914543985311,3.146038899714964,0.0,5.821692307692451,41.223200000003466,1.175390375779563,0.0,0.584078550634752,9.367486544945418,1,1.0,13
85,XAUUSD,long,2025-01-21T06:00:00,2724.21,0.1,2025-01-21T12:00:00,2721.25,6.0,6,0.7000000000000001,0.0,0.1,0.0,0.0,0.8,-29.600000000000364,-30.400000000000365,8.75,6.179999999999836,4,6,0.0,0.29371428571430447,0.579591836734731,-0.47896440129451695,2714.081428571428,2719.152857142857,3,0.2520500000000258,critical,2.1840500000003042,critical,0.3679860959326484,0.0032119403423377787,0.0032119403423377787,-0.33828571428571846,-0.29527026834995407,7.735999999999788,21.19004999999846,1.3327835849610483,0.0,0.4365613524823351,-0.5760813656699265,0,1.0,5
86,XAUUSD,short,2025-01-23T09:00:00,2753.21,0.1,2025-01-23T12:00:00,2745.91,3.0,3,0.7000000000000001,0.0,0.1,0.0,0.0,0.8,73.00000000000182,72.20000000000182,12.240000000000236,1.7399999999997817,3,2,0.5964052287581733,0.8578431372549226,0.6016573295985072,4.195402298851206,2755.9957142857143,2748.6314285714284,1,0.6727999999998312,critical,22.78125,critical,0.0,0.004438487717883711,0.006243666437841215,0.5973770025360274,0.0,7.611916666666668,22.78125,1.3623017921111504,0.0,0.3338050263738537,624.0000000000841,0,1.0,3
87,XAUUSD,long,2025-01-24T08:00:00,2775.3,0.1,2025-01-24T19:00:00,2771.96,11.0,11,0.7000000000000001,0.0,0.1,0.0,0.0,0.8,-33.400000000001455,-34.20000000000145,10.739999999999782,5.300000000000182,10,11,0.0,0.5065176908752058,0.6354083532854791,-0.6301886792452889,2767.0614285714287,2773.8857142857146,6,4.774050000000449,critical,7.03125,critical,0.0,0.0018700748390258512,0.0038734690789070693,-0.6435429605520475,0.0,3.243704545454659,7.683200000000285,1.3782928447456397,0.0,0.4427321287115474,6.278349981886329,0,1.0,9
88,XAUUSD,short,2025-01-27T07:00:00,2758.2,0.1,2025-01-27T11:00:00,2757.22,4.0,4,0.7000000000000001,0.0,0.1,0.0,0.0,0.8,9.800000000000182,9.000000000000181,10.799999999999727,1.580000000000382,3,4,0.09074074074074472,0.8537037037036647,0.5912698412698417,0.6202531645568236,2765.24,2758.8542857142857,2,4.440200000000054,overdamped,30.498049999999573,underdamped,0.10621323777151337,0.003915597128562007,0.0050105141034008285,0.09074074074074472,0.33451968073168264,14.350274999999666,30.498049999999573,1.1431784243150442,0.0,0.49600691127901614,1.5198335977265776,2,1.0,4
89,XAUUSD,long,2025-01-28T21:00:00,2762.18,0.1,2025-01-29T09:00:00,2759.26,12.0,11,0.7000000000000001,0.0,0.1,0.0,-6.809000000000001,7.609000000000001,-29.19999999999618,-36.80899999999618,4.0300000000002,2.919999999999618,6,11,0.0,0.2754342431763094,1.0,-1.0,2755.77,2760.66,10,2.7847999999992274,overdamped,1.0224499999997658,overdamped,0.0,0.0010245604888927244,0.0014662438091928717,-1.0317946492152255,0.0,0.8566363636363011,3.7264500000000496,1.0696061904750584,0.0,0.3740477046810517,-0.7256235827665065,0,1.0,1
90,XAUUSD,short,2025-02-03T06:00:00,2774.52,0.1,2025-02-03T11:00:00,2796.6,5.0,5,0.7000000000000001,0.0,0.1,0.0,0.0,0.8,-220.79999999999927,-221.59999999999928,0.23999999999978172,26.019999999999982,1,5,0.0,0.0,1.0,-0.848578016910067,2791.1142857142854,2790.05,3,6.734450000000267,overdamped,27.380000000000674,underdamped,0.1658591208053646,0.009378198751495748,0.013483413347173514,-0.848578016910067,-4.798128230808351,11.983510000000074,27.380000000000674,1.2235120504780537,0.0,0.7396312569258227,0.3666459523471473,2,1.0,5
91,XAUUSD,long,2025-02-03T20:00:00,2817.18,0.1,2025-02-04T01:00:00,2814.69,5.0,4,0.7000000000000001,0.0,0.1,0.0,0.0,0.8,-24.899999999997817,-25.699999999997818,5.860000000000127,4.649999999999636,2,4,0.0,0.2064846416383046,0.031204290589904888,-0.5354838709677369,2812.8257142857146,2813.0085714285715,2,4.5,critical,1.6744499999998668,critical,0.2257000870246326,0.002076537258757808,0.0026373798004393867,-0.42564253651721035,-0.39160932441009855,3.6331875000000675,7.605000000000355,1.3513008612179043,0.0,0.4137800325386792,-0.7798224852071284,0,1.0,1
92,XAUUSD,short,2025-02-06T12:00:00,2859.48,0.1,2025-02-06T13:00:00,2859.3,1.0,1,0.7000000000000001,0.0,0.1,0.0,0.0,0.8,1.799999999998363,0.9999999999983629,3.7100000000000364,2.380000000000109,1,1,0.04851752021558882,0.3584905660377127,0.0,0.07563025210076808,2861.7628571428572,2861.7628571428572,0,5.088050000000174,critical,0.0012499999999863575,critical,0.0,0.006316076618276035,0.008771162878536156,0.00996639400132578,0.0,0.0012499999999863575,0.0012499999999863575,1.4143330392307798,0.0,0.5829228243021506,0.0,0,1.0,1
93,XAUUSD,short,2025-02-10T01:00:00,2855.96,0.1,2025-02-10T04:00:00,2872.0,3.0,3,0.7000000000000001,0.0,0.1,0.0,4.7909999999999995,5.590999999999999,-160.39999999999964,-165.99099999999964,0.15999999999985448,20.679999999999836,1,3,0.0,0.0,1.0,-0.7756286266924609,2871.86,2871.63,1,0.23805000000003765,overdamped,8.040050000000875,overdamped,0.7439957552431449,0.005319037401010617,0.01310887601260904,-1.0558912703919985,-0.754886720661489,8.975100000000456,18.78845000000067,1.7172243907594984,0.0,0.6663608595322593,-0.5720748651431816,0,1.0,1
94,XAUUSD,short,2025-02-14T21:00:00,2884.04,0.1,2025-02-17T06:00:00,2903.69,57.0,8,0.7000000000000001,0.0,0.1,0.0,4.7909999999999995,5.590999999999999,-196.5000000000009,-202.09100000000092,7.039999999999964,20.670000000000073,2,8,0.0,0.0,0.0,-0.9506531204644423,2899.1357142857146,2899.941428571429,3,4.774050000000449,critical,9.856800000000243,critical,0.3742690232488412,0.0034362354670819427,0.007378717531735837,-1.9827974838412528,-1.8204442833320278,15.55713125000009,71.88004999999738,1.3396456152915301,0.0,0.5627040534188673,0.8436158572511392,0,1.0,6
95,XAUUSD,short,2025-02-25T13:00:00,2937.51,0.1,2025-02-25T15:00:00,2928.65,2.0,2,0.7000000000000001,0.0,0.1,0.0,0.0,0.8,88.60000000000127,87.80000000000128,13.420000000000073,3.869999999999891,2,2,0.660208643815207,0.7116244411326476,0.25090483287204635,2.2894056847546196,2941.787142857143,2938.42,1,0.9521999999995231,overdamped,50.90404999999688,critical,0.39524557141110483,0.012568467852024357,0.016772708858863606,0.2399783315276303,0.7631103706536615,25.818049999998188,50.90404999999688,1.4213955597296746,0.0,0.3513454731750971,68.53630216519646,0,1.0,2
96,XAUUSD,long,2025-03-03T08:00:00,2863.9,0.1,2025-03-03T09:00:00,2865.66,1.0,1,0.7000000000000001,0.0,0.1,0.0,0.0,0.8,17.599999999997635,16.799999999997635,2.1900000000000546,2.0900000000001455,1,1,0.8036529680364016,0.04566210045657837,0.0,0.8421052631577229,2861.8442857142854,2861.8442857142854,0,6.055200000000063,critical,1.4280500000000922,critical,0.29220209392721425,0.003400956737316171,0.009305492510213377,0.18069815195069847,0.21031560350501421,1.4280500000000922,1.4280500000000922,1.3629949576435598,0.0,0.8831775700934634,0.0,0,1.0,1
97,XAUUSD,long,2025-03-11T16:00:00,2913.18,0.1,2025-03-11T17:00:00,2918.11,1.0,1,0.7000000000000001,0.0,0.1,0.0,0.0,0.8,49.30000000000291,48.50000000000291,9.010000000000218,6.309999999999945,1,1,0.5471698113207738,0.29966703662599414,0.0,0.7812995245642367,2908.3,2908.3,0,0.11520000000000873,critical,12.801799999999725,critical,0.28379530745494014,0.003089396846755618,0.003089396846755618,0.547779658120864,0.5963131539037749,12.801799999999725,12.801799999999725,1.3588516335366985,0.0,0.7428198433420358,0.0,0,1.0,1
98,XAUUSD,long,2025-03-18T07:00:00,3011.48,0.1,2025-03-18T09:00:00,3012.03,2.0,2,0.7000000000000001,0.0,0.1,0.0,0.0,0.8,5.500000000001819,4.700000000001819,5.739999999999782,5.309999999999945,1,2,0.09581881533104579,0.07491289198603701,0.11597809855650787,0.10357815442564737,3006.2842857142855,3006.95,1,0.15679999999996944,critical,2.9524499999996023,critical,0.08555022786647323,0.005246589716684216,0.008909240639154145,0.034810126582289595,0.213482134084052,3.6963249999998284,4.440200000000054,1.3160087085074337,0.0,0.6025161759697957,-0.3350637358678514,0,1.0,1
99,XAUUSD,long,2025-03-25T15:00:00,3020.75,0.1,2025-03-25T16:00:00,3021.83,1.0,1,0.7000000000000001,0.0,0.1,0.0,0.0,0.8,10.799999999999272,9.999999999999272,2.5300000000002,6.5300000000002,1,1,0.4268774703556687,0.0,0.0,0.16539050535986127,3015.0899999999997,3015.0899999999997,0,4.0327999999991215,critical,0.5512499999997135,critical,0.0,0.005045087991101505,0.005045087991101505,0.07086637633011711,0.0,0.5512499999997135,0.5512499999997135,1.3724311732003582,0.0,0.83774834437084,0.0,0,1.0,1
100,XAUUSD,short,2025-04-01T20:00:00,3106.68,0.1,2025-04-02T01:00:00,3114.07,5.0,4,0.7000000000000001,0.0,0.1,0.0,0.0,0.8,-73.90000000000327,-74.70000000000327,0.8699999999998909,14.0300000000002,1,4,0.0,0.0,1.0,-0.5267284390591748,3122.167142857143,3119.7085714285713,2,25.063199999999483,critical,9.116449999999922,critical,0.0,0.004519308455677611,0.00935728609733242,-0.5263515820903698,0.0,10.999037500000174,25.063199999999483,1.3526574732695023,0.0,0.5308097008707953,-0.6362615308500068,0,1.0,1
101,XAUUSD,short,2025-04-03T16:00:00,3076.4,0.1,2025-04-03T17:00:00,3086.19,1.0,1,0.7000000000000001,0.0,0.1,0.0,0.0,0.8,-97.89999999999964,-98.69999999999963,22.13000000000011,17.049999999999727,1,1,0.0,0.22955264347041826,0.0,-0.5741935483871038,3089.8885714285716,3089.8885714285716,0,139.77919999999665,critical,47.72644999999982,critical,0.0,0.019187637739479707,0.019187637739479707,-0.16585110854581356,0.0,47.72644999999982,47.72644999999982,1.2790625979139594,0.0,0.815722307299647,0.0,0,1.0,1
102,XAUUSD,long,2025-04-08T14:00:00,3008.98,0.1,2025-04-08T20:00:00,2986.09,6.0,6,0.7000000000000001,0.0,0.1,0.0,0.0,0.8,-228.89999999999873,-229.69999999999874,13.7199999999998,24.610000000000127,3,6,0.0,0.0,0.10755935027072135,-0.9301097114993805,2998.43,2999.905714285714,2,2.2260500000002685,overdamped,118.5799999999944,underdamped,0.5176467554114085,0.0045530076437354,0.011372549019607776,-1.6708140251518784,-1.469579196286247,52.34254166666673,118.5799999999944,1.199221011567644,0.0,0.22543134980655244,2.2979930580275982,0,1.0,6
103,XAUUSD,short,2025-04-14T11:00:00,3228.03,0.1,2025-04-15T05:00:00,3223.74,18.0,17,0.7000000000000001,0.0,0.1,0.0,4.7909999999999995,5.590999999999999,42.900000000004184,37.30900000000418,34.29000000000042,3.619999999999891,6,2,0.12510936132984443,0.8944298629338044,0.5207682373036583,1.185082872928328,3235.118571428571,3217.2614285714285,11,4.590449999999229,critical,69.50204999999957,critical,0.343779764875923,0.008435485419900067,0.010622577857083242,0.15754682335660727,0.38658003383529244,28.94445588235312,140.28125,1.2762639660473445,0.0,0.5705748563488261,130.02469601276758,5,1.0,5
104,XAUUSD,long,2025-04-16T06:00:00,3267.78,0.1,2025-04-16T12:00:00,3307.02,6.0,6,0.7000000000000001,0.0,0.1,0.0,0.0,0.8,392.3999999999978,391.5999999999978,49.98000000000002,1.4700000000002547,6,1,0.7851140456182426,0.9705882352941125,0.6515177499571218,26.693877551015635,3260.0985714285716,3292.6614285714286,5,2.7848000000003004,critical,21.385800000002735,underdamped,0.32873418331815657,0.01011087071611526,0.015297894282645424,1.1876476972904535,3.6528456524930353,29.423383333333934,94.94420000000275,1.1787899379425129,0.0,0.7922364963287473,-0.7747540134099596,4,1.0,1
105,XAUUSD,long,2025-04-21T08:00:00,3376.53,0.1,2025-04-22T04:00:00,3425.5,20.0,19,0.7000000000000001,0.0,0.1,0.0,-6.809000000000001,7.609000000000001,489.699999999998,482.090999999998,67.9699999999998,0.7699999999999818,18,1,0.7204649109901419,0.9886714727085482,0.8310809390697612,63.59740259740384,3359.69,3416.1785714285716,12,17.405000000000538,critical,41.041799999999505,underdamped,0.1945967571351913,0.006097958264969509,0.015936431968820136,2.3783460432515087,7.452875949688837,21.936497368421282,56.07405000000154,1.1042286942141308,0.0,0.6754898521198133,0.0022111657152799483,11,1.0,8
106,XAUUSD,short,2025-04-22T22:00:00,3381.48,0.1,2025-04-23T05:00:00,3379.22,7.0,6,0.7000000000000001,0.0,0.1,0.0,4.7909999999999995,5.590999999999999,22.600000000002183,17.00900000000218,67.7199999999998,5.210000000000036,3,6,0.03337271116361821,0.923065564087418,0.729811830225292,0.4337811900192327,3419.058571428571,3369.6357142857146,3,207.46845000000704,underdamped,64.52479999999628,underdamped,0.0,0.020029631907827486,0.020029631907827486,0.033367882525679585,0.0,345.16885833333396,1437.0160500000068,1.2023358234370551,0.0,0.6196982260377398,1.7990916209186154,0,1.0,3
107,XAUUSD,short,2025-04-25T16:00:00,3292.71,0.1,2025-04-25T23:00:00,3304.82,7.0,7,0.7000000000000001,0.0,0.1,0.0,0.0,0.8,-121.10000000000127,-121.90000000000127,27.610000000000127,19.800000000000182,1,7,0.0,0.2828685258964111,0.22926475914525002,-0.6116161616161624,3301.7342857142858,3295.4042857142854,6,0.39604999999988666,critical,135.301249999997,critical,0.543947746188875,0.008385190314361158,0.012035678817751977,-0.43860919956537747,-0.6761350952832614,38.311299999999605,135.301249999997,1.310861233022914,0.0,0.5592279263396626,0.8886153004341996,0,1.0,7
108,XAUUSD,long,2025-05-02T10:00:00,3252.91,0.1,2025-05-02T17:00:00,3250.48,7.0,7,0.7000000000000001,0.0,0.1,0.0,0.0,0.8,-24.299999999998363,-25.099999999998364,16.360000000000127,13.389999999999873,5,7,0.0,0.18154034229830263,0.4096227733147004,-0.18147871545928748,3241.7057142857143,3248.407142857143,3,0.5724499999996886,critical,0.0001999999999996362,overdamped,0.0,0.005029342957536522,0.009219437365312838,-0.14853300733495217,0.0,20.23070714285728,75.27644999999978,1.237287481110556,0.0,0.4503752596223373,-0.9999891078216733,4,1.0,6
109,XAUUSD,short,2025-05-07T14:00:00,3391.45,0.1,2025-05-07T17:00:00,3394.38,3.0,3,0.7000000000000001,0.0,0.1,0.0,0.0,0.8,-29.30000000000291,-30.10000000000291,9.849999999999909,6.5900000000001455,3,3,0.0,0.3309644670050552,0.8436548223350276,-0.4446130500759069,3402.7028571428573,3394.3928571428573,2,233.27999999999804,critical,5.951250000000941,critical,0.0,0.004608621040433692,0.008164601190634032,-0.18746111828185769,0.0,7.585916666666752,9.548449999999523,1.3894829653238936,0.0,0.6324984082813473,-0.37673130193892845,0,1.0,1
110,XAUUSD,long,2025-05-09T22:00:00,3338.68,0.1,2025-05-09T23:00:00,3329.0,1.0,1,0.7000000000000001,0.0,0.1,0.0,0.0,0.8,-96.79999999999836,-97.59999999999836,1.2000000000002728,13.019999999999982,1,1,0.0,0.0,0.0,-0.7434715821812481,3326.647142857143,3326.647142857143,0,2.6450000000004183,overdamped,47.43379999999787,overdamped,0.4051209877090306,0.021769082391843435,0.023886685756047302,-0.1331865712713244,-0.7156749542620547,47.43379999999787,47.43379999999787,1.4823020498759918,0.0,0.230661040787633,0.0,0,1.0,1
111,XAUUSD,short,2025-05-12T05:00:00,3271.92,0.1,2025-05-12T11:00:00,3222.8,6.0,6,0.7000000000000001,0.0,0.1,0.0,0.0,0.8,491.1999999999989,490.3999999999989,55.710000000000036,12.809999999999945,6,2,0.8817088493986691,0.7700592353257955,0.6555376054568293,3.8345042935206948,3291.4014285714284,3254.8814285714284,4,26.572049999999734,overdamped,1507.00499999998,overdamped,0.0,0.00391513239932515,0.019587887234406753,3.8345042935206948,0.0,264.25203333332996,1507.00499999998,1.7559844592641367,0.0,0.478912521521712,56974.614366719914,0,1.0,6
112,XAUUSD,long,2025-05-13T13:00:00,3253.4,0.1,2025-05-13T16:00:00,3241.84,3.0,3,0.7000000000000001,0.0,0.1,0.0,0.0,0.8,-115.59999999999945,-116.39999999999945,5.230000000000018,16.0300000000002,2,3,0.0,0.0,0.0,-0.72114784778539,3241.6328571428567,3241.6328571428567,0,2.354450000000158,critical,27.08479999999759,critical,0.5483962237680831,0.008575643941722534,0.008575643941722534,-0.4143369175627207,-0.6479267585969714,11.405766666665905,27.08479999999759,1.3760520329216186,0.0,0.2456028385654769,266.504197530516,0,1.0,3
113,XAUUSD,short,2025-05-14T17:00:00,3191.42,0.1,2025-05-15T10:00:00,3149.85,17.0,16,0.7000000000000001,0.0,0.1,0.0,23.955,24.755,415.70000000000164,390.94500000000164,70.61000000000013,2.869999999999891,16,1,0.5887268092338208,0.959354199121939,0.781293624941835,14.484320557491897,3203.9542857142856,3148.7871428571425,11,21.320450000001305,overdamped,217.56980000000266,underdamped,0.0,0.006172723455722402,0.00732580073070009,2.1101787320807492,0.0,51.23743749999964,217.56980000000266,1.344132220941176,0.0,0.44094332052517815,3.721566840277925,2,1.0,16
114,XAUUSD,long,2025-05-15T22:00:00,3223.32,0.1,2025-05-16T05:00:00,3222.33,7.0,6,0.7000000000000001,0.0,0.1,0.0,-6.809000000000001,7.609000000000001,-9.900000000002365,-17.509000000002366,28.909999999999854,8.16000000000031,3,6,0.0,0.7177447250086354,0.8751791273410096,-0.12132352941178909,3202.8214285714284,3228.122857142857,4,2.2260500000002685,overdamped,216.11204999999924,underdamped,0.6799537952554952,0.008969013315463514,0.008969013315463514,-0.03424420615704744,-0.045170237028330486,77.43631666666522,216.11204999999924,1.162148969919456,0.0,0.674894475550161,4.926431066917525,0,1.0,6
115,XAUUSD,long,2025-05-19T05:00:00,3218.49,0.1,2025-05-19T07:00:00,3212.21,2.0,2,0.7000000000000001,0.0,0.1,0.0,0.0,0.8,-62.79999999999745,-63.59999999999745,12.090000000000146,10.329999999999927,2,2,0.0,0.14557485525229086,0.056244830438364604,-0.6079380445304733,3215.42,3216.1,1,392.8404500000056,overdamped,133.9884499999982,critical,0.0,0.004101314906415394,0.009336705525589776,-0.47575609755637005,0.0,92.49672499999865,133.9884499999982,1.4297713288151745,0.0,0.5301648918376489,1.6269669640231472,1,1.0,2
116,XAUUSD,short,2025-05-20T09:00:00,3213.69,0.1,2025-05-20T11:00:00,3222.81,2.0,2,0.7000000000000001,0.0,0.1,0.0,0.0,0.8,-91.19999999999891,-91.9999999999989,5.6599999999998545,11.75,2,2,0.0,0.0,0.0,-0.7761702127659481,3222.348571428571,3222.348571428571,0,5.8140499999995034,critical,84.1104499999974,critical,0.0,0.007943669334262556,0.022374824200032315,-0.3572479119962319,0.0,45.93612499999881,84.1104499999974,1.376802250665293,0.0,0.47936373023276624,9.836461903166155,0,1.0,2
117,XAUUSD,long,2025-05-20T18:00:00,3282.53,0.1,2025-05-21T05:00:00,3294.66,11.0,10,0.7000000000000001,0.0,0.1,0.0,-6.809000000000001,7.609000000000001,121.29999999999654,113.69099999999655,32.08999999999969,9.050000000000182,10,1,0.37799937675287537,0.7179806793393497,0.9001023905978709,1.340331491712642,3258.6757142857145,3287.56,8,226.41920000000425,critical,38.89620000000144,underdamped,0.0,0.003844607192035354,0.0097790721762548,0.9611698135337544,0.0,23.361360000000634,81.15380000000302,1.2660267942094467,0.0,0.5384968192099937,1.888035016205065,2,1.0,9
118,XAUUSD,long,2025-05-23T16:00:00,3357.46,0.1,2025-05-23T17:00:00,3340.35,1.0,1,0.7000000000000001,0.0,0.1,0.0,0.0,0.8,-171.10000000000127,-171.90000000000128,7.289999999999964,20.170000000000073,1,1,0.0,0.0,0.0,-0.8482895389191901,3337.6,3337.6,0,40.41005000000212,underdamped,145.18079999999938,critical,0.0,0.006076727622599496,0.006076727622599496,-0.8386280644810533,0.0,145.18079999999938,145.18079999999938,1.2912758164316216,0.0,0.09978150036417453,0.0,0,1.0,1
119,XAUUSD,short,2025-05-26T16:00:00,3334.33,0.1,2025-05-26T18:00:00,3337.34,2.0,2,0.7000000000000001,0.0,0.1,0.0,0.0,0.8,-30.100000000002183,-30.900000000002183,2.7799999999997453,7.450000000000273,1,2,0.0,0.0,0.4414182939363742,-0.4040268456375984,3341.2042857142856,3339.9771428571426,1,0.6160500000001413,critical,0.5617999999999421,overdamped,0.13838570923731136,0.00279816334915858,0.004705593027684739,-0.322615219721355,-0.6523289786787065,4.422125000000305,8.282450000000667,1.4308016765131444,0.0,0.5981110589544523,-0.9321698289757382,1,1.0,1
120,XAUUSD,short,2025-05-29T02:00:00,3286.82,0.1,2025-05-29T03:00:00,3259.67,1.0,1,0.7000000000000001,0.0,0.1,0.0,0.0,0.8,271.5000000000009,270.7000000000009,36.5,0.8899999999998727,1,1,0.7438356164383586,0.9756164383561678,0.0,30.505617977532555,3275.527142857143,3275.527142857143,0,0.00044999999999236027,critical,366.12179999999853,critical,0.0,0.01252312335702459,0.01252312335702459,0.6596009225857189,0.0,366.12179999999853,366.12179999999853,1.4140410279332625,0.0,0.24979941160737423,0.0,0,1.0,1
121,XAUUSD,long,2025-05-29T19:00:00,3321.56,0.1,2025-05-30T04:00:00,3312.56,9.0,8,0.7000000000000001,0.0,0.1,0.0,-6.809000000000001,7.609000000000001,-90.0,-97.609,9.61999999999989,11.889999999999873,1,8,0.0,0.0,0.371250371250362,-0.7569386038688054,3307.697142857143,3311.2685714285712,5,62.60805000000061,critical,4.590450000000606,critical,0.0,0.002902268224979941,0.007963173708580904,-0.9336043369912946,0.0,3.477412500000157,10.90445000000034,1.3677029221473354,0.0,0.44213492590800657,14.484736043180378,3,1.0,4
122,XAUUSD,long,2025-06-02T07:00:00,3308.77,0.1,2025-06-02T10:00:00,3344.52,3.0,3,0.7000000000000001,0.0,0.1,0.0,0.0,0.8,357.5,356.7,36.679999999999836,0.0,3,1,0.9746455834242137,1.0,0.7383548839383058,0.0,3297.617142857143,3324.7,2,0.8450000000002365,overdamped,214.03804999999173,overdamped,0.6474322556749009,0.01521457262283641,0.02041908077868145,0.7101493750114417,1.6688416655902387,92.12769999999801,214.03804999999173,1.5424317980036077,0.0,0.7784530154471042,14.472108169845667,0,1.0,3
123,XAUUSD,short,2025-06-03T18:00:00,3346.48,0.1,2025-06-03T21:00:00,3353.19,3.0,3,0.7000000000000001,0.0,0.1,0.0,0.0,0.8,-67.10000000000036,-67.90000000000036,2.349999999999909,8.099999999999909,1,3,0.0,0.0,0.44680851063819904,-0.8283950617284088,3354.5542857142855,3353.5042857142857,2,0.19845000000006877,critical,11.045000000001282,critical,0.0,0.002686388764380631,0.007730464664574896,-0.7463893327962792,0.0,6.615683333333823,11.045000000001282,1.318700919702113,0.0,0.6891274067910524,0.5378617525638912,0,1.0,3
124,XAUUSD,long,2025-06-05T02:00:00,3373.65,0.1,2025-06-05T08:00:00,3368.44,6.0,6,0.7000000000000001,0.0,0.1,0.0,0.0,0.8,-52.100000000000364,-52.90000000000036,10.509999999999764,9.61999999999989,3,6,0.0,0.08468125594670717,0.1733043360065592,-0.5415800415800515,3364.6114285714284,3366.4328571428573,4,0.06844999999995961,critical,0.897800000000195,overdamped,0.7930043258735182,0.0031153202021548657,0.003678508440413294,-0.4957183634633828,-0.1947431283650954,6.550791666666819,21.125,1.460490388686984,0.0,0.47851135467124695,-0.912884007063963,1,1.0,3
125,XAUUSD,short,2025-06-05T23:00:00,3356.76,0.1,2025-06-06T05:00:00,3363.89,6.0,5,0.7000000000000001,0.0,0.1,0.0,4.7909999999999995,5.590999999999999,-71.29999999999654,-76.89099999999654,4.680000000000291,11.849999999999909,1,5,0.0,0.0,0.3229548229548839,-0.6016877637130557,3366.9857142857145,3365.4742857142855,2,5.445000000000601,critical,9.856800000000243,critical,0.46017898071596114,0.0034943161507113804,0.005585543719167798,-0.6078648668919234,-0.4615751937486959,9.35173000000027,20.995200000000118,1.3421351041981222,0.0,0.49052375093042794,0.09656461374144971,0,1.0,2
126,XAUUSD,long,2025-06-10T01:00:00,3325.89,0.1,2025-06-10T02:00:00,3323.6,1.0,1,0.7000000000000001,0.0,0.1,0.0,-6.809000000000001,7.609000000000001,-22.899999999999636,-30.508999999999638,1.5599999999999454,4.25,1,1,0.0,0.0,0.0,-0.5388235294117562,3322.5,3322.5,0,1.328450000000178,critical,2.080799999999926,overdamped,0.4640627778723548,0.007174558881899325,0.007174558881899325,-0.09596931540754121,-0.14837162924460232,2.080799999999926,2.080799999999926,1.256159601446026,0.0,0.33734939759037086,0.0,0,1.0,1
127,XAUUSD,short,2025-06-16T13:00:00,3412.1,0.1,2025-06-16T17:00:00,3388.36,4.0,4,0.7000000000000001,0.0,0.1,0.0,0.0,0.8,237.39999999999782,236.5999999999978,29.159999999999854,10.539999999999964,4,2,0.8141289437585699,0.6385459533607676,0.8114834411130809,2.252371916508526,3430.0,3406.3371428571427,2,1.5664499999999677,overdamped,376.7512500000075,critical,0.37576868245020895,0.008546056680636516,0.008557779666481,0.8141289437585699,1.8515625233429052,109.01367500000175,376.7512500000075,1.2628540706361138,0.0,0.5382910566338488,8.302500000000185,2,1.0,4
128,XAUUSD,long,2025-06-23T01:00:00,3391.82,0.1,2025-06-23T02:00:00,3379.13,1.0,1,0.7000000000000001,0.0,0.1,0.0,-6.809000000000001,7.609000000000001,-126.90000000000055,-134.50900000000055,2.8099999999999454,19.320000000000164,1,1,0.0,0.0,0.0,-0.6568322981366432,3375.6228571428574,3375.6228571428574,0,5.216450000000059,overdamped,53.66480000000132,overdamped,0.3373176243113935,0.0076763922737379305,0.0076763922737379305,-0.48738444646975865,-1.1091487457431743,53.66480000000132,53.66480000000132,1.6587688314108866,0.0,0.2995933122458236,0.0,0,1.0,1
129,XAUUSD,short,2025-06-24T08:00:00,3348.62,0.1,2025-06-24T21:00:00,3318.02,13.0,13,0.7000000000000001,0.0,0.1,0.0,0.0,0.8,305.9999999999991,305.1999999999991,53.10999999999967,0.19000000000005457,9,1,0.5761626812276426,0.9964225192995659,0.5704602307878536,161.05263157890064,3351.447142857143,3321.15,7,7.4884499999995775,critical,0.08404999999994034,overdamped,0.3484945042634052,0.009711434228326205,0.015863203757954712,0.9409622195857011,2.622162643901972,33.43199230769245,136.7857999999994,1.152690070894411,0.0,0.45681551324805475,-0.9993855356330852,8,1.0,1
130,XAUUSD,short,2025-06-27T05:00:00,3316.54,0.1,2025-06-27T07:00:00,3294.38,2.0,2,0.7000000000000001,0.0,0.1,0.0,0.0,0.8,221.59999999999854,220.79999999999853,23.929999999999836,3.8400000000001455,2,1,0.9260342666109489,0.8395319682406949,0.6920780848904635,5.770833333333076,3327.305714285714,3310.7442857142855,1,2.8560499999996956,overdamped,105.27005000000317,underdamped,0.3153617493881738,0.008924990879021254,0.01218442166963673,0.748646391330319,2.118729436020131,67.189250000002,105.27005000000317,1.200386633172335,0.0,0.060689021462072515,2.6164773459253294,0,1.0,2
131,XAUUSD,long,2025-07-08T03:00:00,3334.64,0.1,2025-07-08T05:00:00,3334.81,2.0,2,0.7000000000000001,0.0,0.1,0.0,0.0,0.8,1.7000000000007276,0.9000000000007276,2.650000000000091,4.9099999999998545,1,2,0.06415094339625167,0.0,0.37466307277630667,0.03462321792262277,3329.767142857143,3330.76,1,13.416200000001508,underdamped,0.14579999999998036,overdamped,0.0,0.002159140662016463,0.004039392321855842,0.023611252722276908,0.0,0.10899999999992452,0.14579999999998036,1.1861334760089268,0.0,0.6022381820945707,1.0193905817208526,0,1.0,2
132,XAUUSD,long,2025-07-10T02:00:00,3319.56,0.1,2025-07-10T17:00:00,3312.87,15.0,15,0.7000000000000001,0.0,0.1,0.0,0.0,0.8,-66.90000000000055,-67.70000000000054,10.760000000000218,7.529999999999745,11,15,0.0,0.3001858736059858,1.0,-0.8884462151394795,3305.3771428571426,3317.055714285714,9,16.017799999999177,underdamped,60.3900499999976,underdamped,0.0,0.002042439359433238,0.0031992191736253876,-0.9867256637167933,0.0,11.392193333333227,60.3900499999976,1.214609356969097,0.0,0.3996964658175468,31.4250583908335,9,1.0,15
133,XAUUSD,short,2025-07-14T22:00:00,3348.94,0.1,2025-07-15T07:00:00,3357.97,9.0,8,0.7000000000000001,0.0,0.1,0.0,4.7909999999999995,5.590999999999999,-90.29999999999745,-95.89099999999745,7.619999999999891,9.409999999999854,2,8,0.0,0.0,0.5976752905887126,-0.959617428267788,3358.438571428572,3353.884285714286,7,2.205000000000764,critical,24.57005000000153,critical,0.6189065981427115,0.002278326042490827,0.0048582391495841926,-1.1834897724450655,-0.4356676076284757,6.914481250000099,24.57005000000153,1.307598670608253,0.0,0.5562933844957919,1.168813113481037,0,1.0,8
134,XAUUSD,short,2025-07-17T15:00:00,3324.25,0.1,2025-07-17T16:00:00,3313.2,1.0,1,0.7000000000000001,0.0,0.1,0.0,0.0,0.8,110.50000000000182,109.70000000000182,14.400000000000091,4.289999999999964,1,1,0.7673611111111189,0.7020833333333377,0.0,2.57575757575764,3326.138571428571,3326.138571428571,0,1.296050000000205,overdamped,62.27279999999838,underdamped,0.2472478683698719,0.004752951793637717,0.005941189742047079,0.6993670886075984,1.3444233433131278,62.27279999999838,62.27279999999838,1.2148106650164885,0.0,0.1733547351525001,0.0,0,1.0,1
135,XAUUSD,long,2025-07-18T05:00:00,3337.7,0.1,2025-07-18T09:00:00,3333.54,4.0,4,0.7000000000000001,0.0,0.1,0.0,0.0,0.8,-41.599999999998545,-42.39999999999854,6.510000000000218,4.25,1,4,0.0,0.3471582181259819,0.6980469607197471,-0.9788235294117305,3330.0214285714287,3334.5657142857144,3,2.332799999999686,overdamped,6.230449999999101,overdamped,0.0,0.0019294319261063688,0.005980040566006656,-0.645976280389432,0.0,3.5301749999998906,6.230449999999101,1.5140917690167413,0.0,0.3134357433576202,7787.062500013044,0,1.0,4
136,XAUUSD,short,2025-08-01T04:00:00,3290.23,0.1,2025-08-01T07:00:00,3291.48,3.0,3,0.7000000000000001,0.0,0.1,0.0,0.0,0.8,-12.5,-13.3,8.610000000000127,6.929999999999836,1,3,0.0,0.19512195121954312,0.06985233117638011,-0.18037518037518463,3296.9871428571428,3296.385714285714,2,1.479199999999656,critical,0.04204999999998945,critical,0.19054027985181646,0.0030696009214880907,0.0038901873064404427,-0.12376613774901579,-0.1993870538968766,18.101283333332983,32.48179999999956,1.292949611694075,0.0,0.4143798045967873,-0.9980693296602392,0,1.0,2
137,XAUUSD,short,2025-08-05T15:00:00,3351.45,0.1,2025-08-05T16:00:00,3366.15,1.0,1,0.7000000000000001,0.0,0.1,0.0,0.0,0.8,-147.00000000000273,-147.80000000000274,1.4699999999998,15.580000000000382,1,1,0.0,0.0,0.0,-0.9435173299101356,3364.0242857142857,3364.0242857142857,0,1.4449999999996908,overdamped,107.7511999999976,critical,0.38732421859287647,0.01163963383341084,0.01163963383341084,-0.3768298278604659,-1.1324262731976067,107.7511999999976,107.7511999999976,1.3450591900951026,0.0,0.9489736070381034,0.0,0,1.0,1
138,XAUUSD,short,2025-09-10T02:00:00,3635.39,0.1,2025-09-10T08:00:00,3642.94,6.0,6,0.7000000000000001,0.0,0.1,0.0,0.0,0.8,-75.50000000000182,-76.30000000000182,14.920000000000073,7.870000000000346,3,6,0.0,0.4725201072385853,0.23841440061282657,-0.9593392630241233,3646.6028571428574,3643.045714285714,4,36.808199999999374,overdamped,20.544049999999068,overdamped,0.0,0.004134231880071572,0.004134231880071572,-0.5023438754934938,0.0,17.770316666666364,45.8881999999993,1.4452820655475505,0.0,0.5990586529496175,10.145860460068095,2,1.0,2
139,XAUUSD,long,2025-09-12T09:00:00,3653.12,0.1,2025-09-12T12:00:00,3641.06,3.0,3,0.7000000000000001,0.0,0.1,0.0,0.0,0.8,-120.59999999999945,-121.39999999999945,0.9800000000000182,13.389999999999873,1,3,0.0,0.0,0.41690962099139706,-0.9006721433905945,3644.3999999999996,3644.808571428571,1,1.602049999999935,overdamped,27.232200000000805,underdamped,0.3647483928342417,0.004226535746254576,0.004226535746254576,-0.7810859447618678,-0.9050862817463646,10.920616666666973,27.232200000000805,1.2554754080502275,0.0,0.1963740390961293,7.576530612245276,2,1.0,3
140,XAUUSD,long,2025-09-15T19:00:00,3680.59,0.1,2025-09-16T19:00:00,3686.31,24.0,23,0.7000000000000001,0.0,0.1,0.0,-6.809000000000001,7.609000000000001,57.199999999998,49.590999999998,22.609999999999673,5.850000000000364,22,10,0.25298540468818587,0.7412649270234211,0.8126619068680185,0.9777777777776828,3666.6042857142857,3684.9785714285713,16,146.20499999999845,critical,0.0024499999999796273,overdamped,0.0,0.0015839722655421988,0.0024207878020551725,0.9811400725488468,0.0,15.112217391304627,57.13805000000058,1.2351144939686964,0.0,0.5009248895295728,-0.9973893121636954,11,1.0,14
141,XAUUSD,short,2025-09-17T09:00:00,3679.2,0.1,2025-09-17T16:00:00,3678.71,7.0,7,0.7000000000000001,0.0,0.1,0.0,0.0,0.8,4.899999999997817,4.099999999997817,19.139999999999873,0.8800000000001091,6,1,0.0256008359456523,0.9540229885057411,0.42655620241826814,0.5568181818178647,3682.6685714285713,3674.5042857142857,3,1.296050000000205,critical,81.66420000000255,critical,0.0,0.005082654287096532,0.005196810158785352,0.026203066116431008,0.0,22.711692857143422,81.66420000000255,1.3177334276827863,0.0,0.45221261080362035,8.668922158880845,0,1.0,7
142,XAUUSD,short,2025-09-24T08:00:00,3768.26,0.1,2025-09-24T09:00:00,3774.97,1.0,1,0.7000000000000001,0.0,0.1,0.0,0.0,0.8,-67.09999999999582,-67.89999999999581,0.25,8.739999999999782,1,1,0.0,0.0,0.0,-0.767734553775715,3773.085714285714,3773.085714285714,0,4.118450000000992,overdamped,22.311199999998905,overdamped,0.496914519686248,0.0029164654243602566,0.004935965140409729,-0.61055505004547,-0.35834386450419486,22.311199999998905,22.311199999998905,1.5275294688068066,0.0,0.7708565072302563,0.0,0,1.0,1
143,XAUUSD,long,2025-10-01T04:00:00,3860.53,0.1,2025-10-01T10:00:00,3859.22,6.0,6,0.7000000000000001,0.0,0.1,0.0,0.0,0.8,-13.100000000004002,-13.900000000004002,14.959999999999582,7.110000000000127,2,6,0.0,0.5247326203208338,0.8749045072574415,-0.18424753867797142,3843.874285714286,3856.962857142857,5,2.69120000000038,critical,9.288050000001725,overdamped,0.5787003296847488,0.003851712937300198,0.008995964378778544,-0.08809889306311805,-0.058636850329408276,10.915066666666482,34.86124999999924,1.4177068762252223,0.0,0.5907888789208845,-0.7335709419483831,1,1.0,1
144,XAUUSD,short,2025-10-02T04:00:00,3856.09,0.1,2025-10-02T10:00:00,3864.23,6.0,6,0.7000000000000001,0.0,0.1,0.0,0.0,0.8,-81.39999999999873,-82.19999999999872,3.200000000000273,18.2199999999998,1,6,0.0,0.0,1.0,-0.4467618002195369,3878.9971428571425,3871.4942857142855,5,27.158449999999196,critical,6.808050000000201,critical,0.0,0.00392880945403814,0.007191147601351619,-0.537299302829244,0.0,9.543983333333186,40.32020000000016,1.3596804072728306,0.0,0.5185959887462159,-0.8311503911190874,0,1.0,1
145,XAUUSD,long,2025-10-03T20:00:00,3883.82,0.1,2025-10-07T10:00:00,3955.2,86.0,36,0.7000000000000001,0.0,0.1,0.0,-13.618000000000002,14.418000000000003,713.7999999999965,699.3819999999965,93.65999999999985,6.809999999999945,30,1,0.7621183002348897,0.9272901985906474,0.9196638296574281,10.481644640234983,3868.655714285714,3954.7914285714287,29,15.904799999999282,underdamped,47.33645000000018,underdamped,0.0,0.0049564603920882015,0.01241303664948428,3.70805194805193,0.0,24.81512638888918,154.70405000000255,1.1864184962221,0.0,0.5992972352838486,24.681667751734263,15,1.0,8
146,XAUUSD,long,2025-10-13T03:00:00,4035.14,0.1,2025-10-14T09:00:00,4121.34,30.0,29,0.7000000000000001,0.0,0.1,0.0,-6.809000000000001,7.609000000000001,862.0000000000027,854.3910000000027,144.55999999999995,10.4699999999998,29,1,0.5962921970116236,0.9275733259546223,0.8889339078187941,8.233046800382228,4013.964285714286,4142.468571428571,24,27.82580000000027,underdamped,1096.5244499999967,overdamped,0.0,0.006103877436718456,0.011070247872440628,3.4997969955338974,0.0,64.29339655172402,1096.5244499999967,1.1344221168998276,0.0,0.5958808148853605,27.127226368462676,15,1.0,29
147,XAUUSD,long,2025-10-23T10:00:00,4113.61,0.1,2025-10-24T01:00:00,4129.78,15.0,14,0.7000000000000001,0.0,0.1,0.0,0.0,0.8,161.70000000000073,160.90000000000072,41.11000000000058,21.45999999999958,8,1,0.39333495499877996,0.4779858915105989,0.5848420613684416,0.7534948741845474,4090.6414285714286,4114.684285714286,11,5.577800000000486,critical,26.864449999999465,underdamped,0.0,0.0052240837798155,0.009986289514882177,0.752448484207424,0.0,82.6203107142857,243.98404999999318,1.242628584511784,0.0,0.5387399919499607,-0.8567981238651039,6,1.0,2
148,XAUUSD,long,2025-10-30T16:00:00,3961.32,0.1,2025-10-31T06:00:00,4011.1,14.0,13,0.7000000000000001,0.0,0.1,0.0,-6.809000000000001,7.609000000000001,497.79999999999745,490.1909999999975,84.94999999999982,0.8099999999999454,9,1,0.5859917598587387,0.9904649793996475,0.5405196333978006,61.456790123460614,3957.968571428571,4003.885714285714,11,85.9360499999957,underdamped,30.42000000000142,critical,0.07107851693000512,0.014293215392848821,0.02144487191138303,0.8791946308724804,17.679769885564028,69.42909999999986,584.4780500000019,1.23498207160182,0.0,0.6182331830733377,-0.9479535630123298,8,1.0,1
149,XAUUSD,long,2025-11-05T18:00:00,3978.37,0.1,2025-11-06T04:00:00,3976.69,10.0,9,0.7000000000000001,0.0,0.1,0.0,-34.045,34.845,-16.799999999998363,-51.64499999999836,12.150000000000091,13.859999999999673,1,9,0.0,0.0,0.5002939447384036,-0.12121212121211226,3961.3542857142857,3967.4328571428573,8,10.951200000001363,overdamped,0.14044999999986504,overdamped,0.0,0.003056535858997138,0.003481334017032121,-0.1381575474642168,0.0,11.154122222221641,36.551249999997665,1.106974147764924,0.0,0.5999458418322227,-0.9961574501556069,5,1.0,1
150,XAUUSD,long,2025-11-12T22:00:00,4197.5,0.1,2025-11-13T17:00:00,4195.58,19.0,18,0.7000000000000001,0.0,0.1,0.0,-34.045,34.845,-19.200000000000728,-54.04500000000073,47.649999999999636,17.420000000000073,16,5,0.0,0.6344176285414438,0.7001948733323426,-0.11021814006889005,4178.145714285714,4211.51,11,43.99220000000103,overdamped,657.7564499999828,critical,0.0,0.004152461816648511,0.005238820157664849,-0.11015516776542292,0.0,79.74512500000026,657.7564499999828,1.4336457783568841,0.0,0.5765739711996765,575.954037103454,6,1.0,18
151,XAUUSD,short,2025-11-14T02:00:00,4186.02,0.1,2025-11-14T03:00:00,4183.87,1.0,1,0.7000000000000001,0.0,0.1,0.0,0.0,0.8,21.500000000005457,20.700000000005456,7.760000000000218,3.9199999999991633,1,1,0.2770618556701656,0.4948453608248643,0.0,0.5484693877553584,4189.405714285714,4189.405714285714,0,105.125,overdamped,2.163199999999849,overdamped,0.0,0.006046373847940124,0.006423824289652464,0.08494584968099374,0.0,2.163199999999849,2.163199999999849,1.5472338744747824,0.0,0.48287671232874285,0.0,0,1.0,1
152,XAUUSD,long,2025-11-18T20:00:00,4071.49,0.1,2025-11-19T12:00:00,4113.39,16.0,15,0.7000000000000001,0.0,0.1,0.0,-6.809000000000001,7.609000000000001,419.00000000000546,411.3910000000055,44.840000000000146,15.829999999999927,15,8,0.9344335414808298,0.6469669937555782,1.0,2.646873025900236,4041.5814285714287,4086.6457142857143,11,10.57999999999958,critical,445.8098000000038,critical,0.31973277094564834,0.00265751681824996,0.0038831183823041667,3.8724393880354793,3.218648113836056,74.44893666666707,445.8098000000038,1.3038290583664414,0.0,0.5252933992156581,569.6365440000048,0,1.0,15
153,XAUUSD,short,2025-11-20T11:00:00,4063.57,0.1,2025-11-20T15:00:00,4081.85,4.0,4,0.7000000000000001,0.0,0.1,0.0,0.0,0.8,-182.79999999999745,-183.59999999999746,12.360000000000127,18.509999999999764,3,4,0.0,0.0,0.09257975034676849,-0.9875742841707174,4080.1028571428574,4078.9585714285713,1,6.444050000000522,critical,223.66125000000193,critical,0.0,0.00804463059666612,0.010746681497595735,-0.5591937896933056,0.0,58.15738750000031,223.66125000000193,1.3734464642006485,0.0,0.5540282315266869,1284.0402183274439,0,1.0,4
154,XAUUSD,short,2025-11-24T09:00:00,4053.46,0.1,2025-11-24T12:00:00,4071.9,3.0,3,0.7000000000000001,0.0,0.1,0.0,0.0,0.8,-184.40000000000055,-185.20000000000056,1.8699999999998909,20.789999999999964,1,3,0.0,0.0,1.0,-0.8869648869648912,4073.6557142857146,4071.4385714285713,2,24.5,critical,35.196049999998934,critical,0.2956753606271579,0.005881409663373212,0.011232406961970604,-0.773488024664451,-1.538579316557064,20.95283333333359,35.196049999998934,1.3585216905554451,0.0,0.6104384272793836,0.6159802571163935,0,1.0,3
155,XAUUSD,long,2025-11-28T07:00:00,4188.62,0.1,2025-11-28T08:00:00,4182.52,1.0,1,0.7000000000000001,0.0,0.1,0.0,0.0,0.8,-60.99999999999454,-61.79999999999454,0.18000000000029104,19.840000000000146,1,1,0.0,0.0,0.0,-0.30745967741932506,4174.7300000000005,4174.7300000000005,0,9.990449999997074,critical,18.666049999998,critical,0.0,0.007026130137394957,0.007026130137394957,-0.2072729762081796,0.0,18.666049999998,18.666049999998,1.3501952992052557,0.0,0.6873126873126832,0.0,0,1.0,1
156,XAUUSD,short,2025-12-02T06:00:00,4216.86,0.1,2025-12-02T09:00:00,4212.91,3.0,3,0.7000000000000001,0.0,0.1,0.0,0.0,0.8,39.49999999999818,38.699999999998184,13.389999999999418,9.430000000000291,3,3,0.2949962658700515,0.2957430918595444,0.23674383868560198,0.4188759278896815,4228.360000000001,4225.1900000000005,2,10.811249999998308,overdamped,74.6642000000031,underdamped,0.0,0.003170620654328808,0.008444712154125027,0.29543614552587505,0.0,32.214600000001084,74.6642000000031,1.1524518094242249,0.0,0.6979383753390135,38.67701137210857,1,1.0,3
157,XAUUSD,long,2025-12-04T23:00:00,4209.99,0.1,2025-12-05T04:00:00,4203.15,5.0,4,0.7000000000000001,0.0,0.1,0.0,-6.809000000000001,7.609000000000001,-68.40000000000146,-76.00900000000145,0.47000000000025466,15.149999999999636,3,4,0.0,0.0,1.0,-0.4514851485148719,4196.652857142857,4198.83,2,0.4802000000004635,critical,0.8844499999999033,critical,0.6918459217346075,0.0035938498374097935,0.0049549046667790204,-0.45207980871521186,-0.23483652877130834,3.486475000000171,8.862050000000153,1.3103909440860826,0.0,0.3961288058472993,0.015208907253299497,0,1.0,3
158,XAUUSD,short,2025-12-08T06:00:00,4210.09,0.1,2025-12-08T09:00:00,4217.05,3.0,3,0.7000000000000001,0.0,0.1,0.0,0.0,0.8,-69.60000000000036,-70.40000000000036,5.4099999999998545,8.909999999999854,2,3,0.0,0.0,0.6070768418273625,-0.781144781144798,4221.971428571428,4218.687142857142,2,1.2168000000006243,overdamped,0.001250000000009095,overdamped,0.6780443961624935,0.002116344306178693,0.0028882993000149296,-0.781144781144798,-0.243814611437451,12.412099999999896,36.125,1.5189798329144446,0.0,0.6521921822484967,-0.9988739245979825,0,1.0,2
159,XAUUSD,long,2025-12-09T19:00:00,4212.31,0.1,2025-12-10T09:00:00,4207.44,14.0,13,0.7000000000000001,0.0,0.1,0.0,-6.809000000000001,7.609000000000001,-48.700000000008004,-56.309000000008005,6.549999999999272,10.910000000000764,9,2,0.0,0.0,1.0,-0.4463794683776773,4195.295714285714,4203.698571428571,9,0.048049999999842115,overdamped,7.960049999999129,critical,0.3291273907244962,0.0025994990919559692,0.0025994990919559692,-0.44475308177258127,-0.35127287026080856,13.336092307692347,57.03120000000311,1.270126976149562,0.0,0.49923538443196347,-0.8139360116873834,5,1.0,10
160,XAUUSD,long,2025-12-11T02:00:00,4232.42,0.1,2025-12-11T06:00:00,4216.79,4.0,4,0.7000000000000001,0.0,0.1,0.0,0.0,0.8,-156.3000000000011,-157.1000000000011,15.340000000000146,22.98999999999978,2,4,0.0,0.0,0.11007636431361481,-0.6798608090474231,4218.077142857143,4219.765714285714,1,7.3344499999997215,critical,15.456799999997168,critical,0.29682140396600704,0.00562563645771546,0.006651056962817789,-0.6564453200660728,-1.2441564778405665,38.86666250000236,127.84005000001105,1.3636014838065218,0.0,0.336049684058883,0.3417361111107635,0,1.0,3
161,XAUUSD,long,2025-12-17T08:00:00,4333.98,0.1,2025-12-17T10:00:00,4317.96,2.0,2,0.7000000000000001,0.0,0.1,0.0,0.0,0.8,-160.19999999999527,-160.99999999999528,3.790000000000873,18.329999999999927,1,2,0.0,0.0,0.7097625329815013,-0.8739770867430219,4315.0828571428565,4317.772857142857,1,9.07380000000093,overdamped,58.104199999997256,underdamped,0.03182069025688359,0.006292152460677032,0.006292152460677032,-0.58745739040281,-11.616251673755986,35.78612499999995,58.104199999997256,1.207070478537977,0.0,0.23948026681488882,3.3142251476632367,1,1.0,2
