time,open,high,low,close,volume,spread
2024-11-11 14:00:00+00:00,0.1415,0.1426,0.1401,0.1408,397,28
2024-11-11 14:30:00+00:00,0.1408,0.1425,0.1405,0.1424,625,28
2024-11-11 15:00:00+00:00,0.1424,0.1446,0.142,0.1445,522,28
2024-11-11 15:30:00+00:00,0.1446,0.1455,0.1435,0.1444,518,28
2024-11-11 16:00:00+00:00,0.1444,0.146,0.1442,0.1452,468,28
2024-11-11 16:30:00+00:00,0.1452,0.1467,0.1445,0.1465,378,28
2024-11-11 17:00:00+00:00,0.1464,0.1479,0.1463,0.1474,432,28
2024-11-11 17:30:00+00:00,0.1474,0.1508,0.1473,0.1508,378,28
2024-11-11 18:00:00+00:00,0.1508,0.151,0.1489,0.1503,401,28
2024-11-11 18:30:00+00:00,0.1503,0.153,0.1502,0.153,446,28
2024-11-11 19:00:00+00:00,0.153,0.1536,0.1509,0.1511,423,28
2024-11-11 19:30:00+00:00,0.1511,0.1524,0.151,0.1516,364,28
2024-11-11 20:00:00+00:00,0.1516,0.1525,0.1507,0.1516,299,28
2024-11-11 20:30:00+00:00,0.1516,0.1534,0.1514,0.152,295,28
2024-11-11 21:00:00+00:00,0.152,0.1527,0.151,0.1525,288,28
2024-11-11 21:30:00+00:00,0.1525,0.1525,0.1498,0.1501,286,28
2024-11-11 22:00:00+00:00,0.1501,0.1504,0.1477,0.149,264,28
2024-11-11 22:30:00+00:00,0.149,0.1517,0.149,0.1517,195,29
2024-11-11 23:00:00+00:00,0.1518,0.1547,0.1518,0.1546,418,28
2024-11-11 23:30:00+00:00,0.1546,0.1582,0.1543,0.158,593,28
2024-11-12 00:00:00+00:00,0.158,0.1584,0.1518,0.1554,902,28
2024-11-12 00:30:00+00:00,0.1555,0.1572,0.1532,0.1567,676,28
2024-11-12 01:00:00+00:00,0.1567,0.1567,0.1542,0.1543,707,28
2024-11-12 01:30:00+00:00,0.1543,0.155,0.1529,0.1531,465,29
2024-11-12 02:00:00+00:00,0.1531,0.1555,0.153,0.1548,431,28
2024-11-12 02:30:00+00:00,0.1548,0.1554,0.1524,0.154,681,28
2024-11-12 03:00:00+00:00,0.1539,0.1547,0.1525,0.1544,598,28
2024-11-12 03:30:00+00:00,0.1543,0.1564,0.1541,0.1558,480,28
2024-11-12 04:00:00+00:00,0.1559,0.1561,0.1539,0.1546,550,28
2024-11-12 04:30:00+00:00,0.1546,0.1555,0.1539,0.154,414,28
2024-11-12 05:00:00+00:00,0.154,0.1563,0.154,0.1552,550,28
2024-11-12 05:30:00+00:00,0.1552,0.1554,0.1534,0.1551,656,28
2024-11-12 06:00:00+00:00,0.1551,0.1568,0.1548,0.1561,411,28
2024-11-12 06:30:00+00:00,0.1561,0.1578,0.1557,0.1569,538,28
2024-11-12 07:00:00+00:00,0.1569,0.1581,0.1563,0.1577,502,28
2024-11-12 07:30:00+00:00,0.1577,0.1583,0.1572,0.1581,372,28
2024-11-12 08:00:00+00:00,0.1582,0.1613,0.1579,0.161,386,28
2024-11-12 08:30:00+00:00,0.161,0.1623,0.1605,0.1615,573,28
2024-11-12 09:00:00+00:00,0.1615,0.1619,0.1582,0.1585,908,28
2024-11-12 09:30:00+00:00,0.1586,0.1589,0.153,0.153,789,28
2024-11-12 10:00:00+00:00,0.153,0.1544,0.148,0.1513,1339,28
2024-11-12 10:30:00+00:00,0.1513,0.1519,0.143,0.1482,1875,28
2024-11-12 11:00:00+00:00,0.1482,0.1511,0.1471,0.1507,1119,28
2024-11-12 11:30:00+00:00,0.1507,0.1516,0.148,0.149,695,28
2024-11-12 12:00:00+00:00,0.149,0.1523,0.148,0.1487,906,28
2024-11-12 12:30:00+00:00,0.1487,0.1498,0.1461,0.1474,1022,28
2024-11-12 13:00:00+00:00,0.1474,0.1479,0.1452,0.1469,1180,28
2024-11-12 13:30:00+00:00,0.1468,0.1474,0.1435,0.1468,1248,28
2024-11-12 14:00:00+00:00,0.1468,0.1478,0.1451,0.1462,924,28
2024-11-12 14:30:00+00:00,0.1462,0.1475,0.1445,0.1474,1005,28
2024-11-12 15:00:00+00:00,0.1474,0.1483,0.146,0.1467,697,28
2024-11-12 15:30:00+00:00,0.1467,0.148,0.1453,0.1458,1025,28
2024-11-12 16:00:00+00:00,0.1458,0.1462,0.1429,0.1447,811,28
2024-11-12 16:30:00+00:00,0.1447,0.1466,0.1445,0.1458,755,28
2024-11-12 17:00:00+00:00,0.1458,0.1473,0.1456,0.1469,616,28
2024-11-12 17:30:00+00:00,0.1469,0.1489,0.1469,0.1471,491,28
2024-11-12 18:00:00+00:00,0.1471,0.1504,0.1471,0.1503,483,28
2024-11-12 18:30:00+00:00,0.1503,0.1512,0.1498,0.151,493,28
2024-11-12 19:00:00+00:00,0.151,0.152,0.1505,0.1511,569,28
2024-11-12 19:30:00+00:00,0.1511,0.1517,0.1502,0.1506,489,28
2024-11-12 20:00:00+00:00,0.1506,0.1511,0.1494,0.1502,318,28
2024-11-12 20:30:00+00:00,0.1502,0.1513,0.1498,0.1502,477,28
2024-11-12 21:00:00+00:00,0.1502,0.1508,0.1483,0.15,480,28
2024-11-12 21:30:00+00:00,0.15,0.1515,0.1498,0.1512,246,28
2024-11-12 22:00:00+00:00,0.1512,0.1526,0.1502,0.1526,292,28
2024-11-12 22:30:00+00:00,0.1526,0.1555,0.1526,0.1555,155,29
2024-11-12 23:00:00+00:00,0.1555,0.1555,0.1524,0.1536,309,29
2024-11-12 23:30:00+00:00,0.1536,0.1542,0.1524,0.1528,354,29
2024-11-13 00:00:00+00:00,0.1528,0.1542,0.1522,0.1539,712,28
2024-11-13 00:30:00+00:00,0.1539,0.1545,0.1512,0.1512,963,28
2024-11-13 01:00:00+00:00,0.1512,0.1526,0.1481,0.1489,777,28
2024-11-13 01:30:00+00:00,0.1489,0.1502,0.1477,0.1499,720,28
2024-11-13 02:00:00+00:00,0.1498,0.1505,0.1463,0.1474,733,28
2024-11-13 02:30:00+00:00,0.1474,0.1486,0.1456,0.1484,721,28
2024-11-13 03:00:00+00:00,0.1484,0.1489,0.1455,0.1456,516,28
2024-11-13 03:30:00+00:00,0.1456,0.1466,0.1442,0.1443,840,28
2024-11-13 04:00:00+00:00,0.1443,0.1468,0.1441,0.1441,734,28
2024-11-13 04:30:00+00:00,0.1442,0.1445,0.1396,0.1427,1024,28
2024-11-13 05:00:00+00:00,0.1427,0.1432,0.1409,0.1427,714,28
2024-11-13 05:30:00+00:00,0.1427,0.1429,0.1402,0.1405,475,28
2024-11-13 06:00:00+00:00,0.1405,0.1421,0.1399,0.1399,538,28
2024-11-13 06:30:00+00:00,0.1399,0.1406,0.1379,0.1396,826,28
2024-11-13 07:00:00+00:00,0.1396,0.1423,0.1391,0.1415,910,28
2024-11-13 07:30:00+00:00,0.1414,0.1424,0.14,0.1424,518,28
2024-11-13 08:00:00+00:00,0.1424,0.1426,0.1413,0.1426,649,28
2024-11-13 08:30:00+00:00,0.1426,0.143,0.1402,0.1407,498,28
2024-11-13 09:00:00+00:00,0.1407,0.1412,0.1398,0.1403,497,28
2024-11-13 09:30:00+00:00,0.1403,0.141,0.1388,0.1394,620,28
2024-11-13 10:00:00+00:00,0.1394,0.1399,0.1387,0.1398,413,28
2024-11-13 10:30:00+00:00,0.1398,0.1421,0.139,0.1418,433,28
2024-11-13 11:00:00+00:00,0.1419,0.1428,0.141,0.1415,532,28
2024-11-13 11:30:00+00:00,0.1415,0.142,0.141,0.1413,441,28
2024-11-13 12:00:00+00:00,0.1412,0.1421,0.1407,0.1409,455,28
2024-11-13 12:30:00+00:00,0.1409,0.1422,0.1401,0.1414,568,28
2024-11-13 13:00:00+00:00,0.1414,0.1432,0.1405,0.1431,770,28
2024-11-13 13:30:00+00:00,0.1431,0.1466,0.1426,0.1463,1186,28
2024-11-13 14:00:00+00:00,0.1463,0.1472,0.1446,0.1459,1158,28
2024-11-13 14:30:00+00:00,0.1459,0.1513,0.1456,0.1506,1068,28
2024-11-13 15:00:00+00:00,0.1506,0.151,0.1478,0.1509,1103,28
2024-11-13 15:30:00+00:00,0.1509,0.1509,0.1486,0.1501,736,28
2024-11-13 16:00:00+00:00,0.1501,0.1508,0.1484,0.1497,892,28
2024-11-13 16:30:00+00:00,0.1497,0.1499,0.1479,0.1487,966,28
2024-11-13 17:00:00+00:00,0.1487,0.15,0.1484,0.1487,428,28
2024-11-13 17:30:00+00:00,0.1487,0.1493,0.1484,0.1488,365,28
2024-11-13 18:00:00+00:00,0.1488,0.1501,0.1485,0.1497,405,28
2024-11-13 18:30:00+00:00,0.1497,0.1499,0.148,0.1486,628,28
2024-11-13 19:00:00+00:00,0.1486,0.1492,0.1423,0.1443,1307,28
2024-11-13 19:30:00+00:00,0.1443,0.1445,0.1421,0.1425,1149,28
2024-11-13 20:00:00+00:00,0.1425,0.1434,0.1404,0.143,1112,28
2024-11-13 20:30:00+00:00,0.143,0.1443,0.142,0.1423,521,28
2024-11-13 21:00:00+00:00,0.1424,0.1425,0.1387,0.1407,1012,28
2024-11-13 21:30:00+00:00,0.1407,0.1423,0.1406,0.1409,618,28
2024-11-13 22:00:00+00:00,0.1409,0.143,0.1404,0.1426,408,28
2024-11-13 22:30:00+00:00,0.1426,0.1437,0.1425,0.1435,227,29
2024-11-13 23:00:00+00:00,0.1435,0.1436,0.1425,0.1434,235,28
2024-11-13 23:30:00+00:00,0.1435,0.1446,0.1434,0.1441,201,28
2024-11-14 00:00:00+00:00,0.1441,0.1455,0.1436,0.1442,637,28
2024-11-14 00:30:00+00:00,0.1442,0.1447,0.1423,0.1424,676,28
2024-11-14 01:00:00+00:00,0.1424,0.1438,0.1418,0.1419,577,28
2024-11-14 01:30:00+00:00,0.1419,0.1439,0.1415,0.1437,587,28
2024-11-14 02:00:00+00:00,0.1437,0.1445,0.142,0.1422,626,28
2024-11-14 02:30:00+00:00,0.1422,0.1431,0.1415,0.1429,544,28
2024-11-14 03:00:00+00:00,0.1429,0.1431,0.1404,0.1423,532,28
2024-11-14 03:30:00+00:00,0.1423,0.1444,0.1422,0.1442,578,28
2024-11-14 04:00:00+00:00,0.1442,0.145,0.1435,0.1443,457,28
2024-11-14 04:30:00+00:00,0.1443,0.1462,0.1438,0.1462,389,28
2024-11-14 05:00:00+00:00,0.1462,0.1465,0.1455,0.1464,374,28
2024-11-14 05:30:00+00:00,0.1464,0.1475,0.1463,0.1473,321,28
2024-11-14 06:00:00+00:00,0.1473,0.1504,0.1471,0.1503,382,28
2024-11-14 06:30:00+00:00,0.1503,0.1509,0.1479,0.148,452,28
2024-11-14 07:00:00+00:00,0.1479,0.1493,0.1469,0.1488,724,28
2024-11-14 07:30:00+00:00,0.1488,0.1529,0.1481,0.1528,537,28
2024-11-14 08:00:00+00:00,0.1528,0.1542,0.1503,0.1504,580,28
2024-11-14 08:30:00+00:00,0.1504,0.1504,0.1485,0.1488,356,28
2024-11-14 09:00:00+00:00,0.1488,0.1499,0.1485,0.1497,479,28
2024-11-14 09:30:00+00:00,0.1497,0.1499,0.1476,0.1485,370,28
2024-11-14 10:00:00+00:00,0.1485,0.1499,0.1483,0.1486,435,28
2024-11-14 10:30:00+00:00,0.1486,0.1489,0.1454,0.1456,493,28
2024-11-14 11:00:00+00:00,0.1456,0.1459,0.1433,0.1451,535,28
2024-11-14 11:30:00+00:00,0.1451,0.1463,0.1438,0.1462,481,28
2024-11-14 12:00:00+00:00,0.1462,0.1462,0.1447,0.1458,517,28
2024-11-14 12:30:00+00:00,0.1458,0.146,0.1445,0.145,369,28
2024-11-14 13:00:00+00:00,0.145,0.1466,0.1448,0.1458,425,28
2024-11-14 13:30:00+00:00,0.1458,0.1464,0.1438,0.144,829,28
2024-11-14 14:00:00+00:00,0.144,0.1468,0.1439,0.1467,540,28
2024-11-14 14:30:00+00:00,0.1467,0.1471,0.1414,0.1415,1074,28
2024-11-14 15:00:00+00:00,0.1415,0.1434,0.1398,0.1419,796,28
2024-11-14 15:30:00+00:00,0.1419,0.1421,0.1403,0.1413,758,28
2024-11-14 16:00:00+00:00,0.1413,0.1428,0.1403,0.1425,701,28
2024-11-14 16:30:00+00:00,0.1425,0.1452,0.1424,0.1445,529,28
2024-11-14 17:00:00+00:00,0.1446,0.1452,0.1436,0.1436,411,28
2024-11-14 17:30:00+00:00,0.1436,0.1449,0.1435,0.1448,409,28
2024-11-14 18:00:00+00:00,0.1448,0.1467,0.1445,0.1466,290,28
2024-11-14 18:30:00+00:00,0.1466,0.1467,0.1452,0.1458,380,28
2024-11-14 19:00:00+00:00,0.1458,0.1473,0.1458,0.1466,411,28
2024-11-14 19:30:00+00:00,0.1466,0.1496,0.1464,0.1491,449,28
2024-11-14 20:00:00+00:00,0.1491,0.1492,0.1462,0.1481,981,28
2024-11-14 20:30:00+00:00,0.1481,0.1484,0.1464,0.1466,645,28
2024-11-14 21:00:00+00:00,0.1465,0.1477,0.1457,0.1477,514,28
2024-11-14 21:30:00+00:00,0.1477,0.15,0.1477,0.1496,547,28
2024-11-14 22:00:00+00:00,0.1496,0.1502,0.1479,0.1488,401,28
2024-11-14 22:30:00+00:00,0.1488,0.149,0.1459,0.1472,282,29
2024-11-14 23:00:00+00:00,0.1471,0.1478,0.1438,0.1458,773,28
2024-11-14 23:30:00+00:00,0.1458,0.1459,0.1424,0.1442,1087,28
2024-11-15 00:00:00+00:00,0.1442,0.1462,0.1437,0.1461,762,28
2024-11-15 00:30:00+00:00,0.1461,0.1509,0.1461,0.1499,773,28
2024-11-15 01:00:00+00:00,0.1499,0.1507,0.1463,0.1469,933,28
2024-11-15 01:30:00+00:00,0.1468,0.1511,0.1464,0.151,1065,28
2024-11-15 02:00:00+00:00,0.151,0.1516,0.1484,0.1495,898,28
2024-11-15 02:30:00+00:00,0.1495,0.152,0.1491,0.1508,604,28
2024-11-15 03:00:00+00:00,0.1508,0.1513,0.1495,0.1507,604,28
2024-11-15 03:30:00+00:00,0.1507,0.154,0.1503,0.1536,495,28
2024-11-15 04:00:00+00:00,0.1536,0.1543,0.1519,0.1521,660,28
2024-11-15 04:30:00+00:00,0.1521,0.1521,0.1483,0.1513,910,28
2024-11-15 05:00:00+00:00,0.1513,0.1529,0.1491,0.1529,789,28
2024-11-15 05:30:00+00:00,0.1529,0.1582,0.1528,0.1565,867,28
2024-11-15 06:00:00+00:00,0.1565,0.1587,0.1553,0.1587,930,28
2024-11-15 06:30:00+00:00,0.1587,0.1589,0.1549,0.1558,817,28
2024-11-15 07:00:00+00:00,0.1558,0.1568,0.1541,0.1549,655,28
2024-11-15 07:30:00+00:00,0.155,0.1551,0.153,0.1533,492,28
2024-11-15 08:00:00+00:00,0.1533,0.1539,0.1521,0.1523,535,28
2024-11-15 08:30:00+00:00,0.1523,0.1539,0.1523,0.1533,488,28
2024-11-15 09:00:00+00:00,0.1533,0.1585,0.1528,0.1579,520,28
2024-11-15 09:30:00+00:00,0.1579,0.16,0.1571,0.158,843,28
2024-11-15 10:00:00+00:00,0.1579,0.1587,0.1564,0.1574,752,28
2024-11-15 10:30:00+00:00,0.1573,0.1574,0.1557,0.1569,473,28
2024-11-15 11:00:00+00:00,0.1569,0.1582,0.1568,0.1581,494,28
2024-11-15 11:30:00+00:00,0.1581,0.1589,0.1572,0.1575,356,28
2024-11-15 12:00:00+00:00,0.1575,0.1673,0.1573,0.1664,1091,28
2024-11-15 12:30:00+00:00,0.1665,0.1685,0.1598,0.1598,1390,28
2024-11-15 13:00:00+00:00,0.1598,0.1651,0.1598,0.1638,1009,28
2024-11-15 13:30:00+00:00,0.1638,0.1712,0.1617,0.1621,1518,28
2024-11-15 14:00:00+00:00,0.1621,0.1639,0.1613,0.1628,995,28
2024-11-15 14:30:00+00:00,0.1628,0.1714,0.1614,0.1692,1589,28
2024-11-15 15:00:00+00:00,0.1692,0.1734,0.1654,0.1728,1746,28
2024-11-15 15:30:00+00:00,0.1728,0.175,0.1679,0.1712,2087,28
2024-11-15 16:00:00+00:00,0.1712,0.1824,0.1687,0.1814,2452,28
2024-11-15 16:30:00+00:00,0.1814,0.1827,0.1759,0.1789,2039,28
2024-11-15 17:00:00+00:00,0.1789,0.1809,0.1754,0.179,1494,28
2024-11-15 17:30:00+00:00,0.179,0.1855,0.1786,0.1843,1847,28
2024-11-15 18:00:00+00:00,0.1842,0.1843,0.1769,0.1778,1385,28
2024-11-15 18:30:00+00:00,0.1778,0.1788,0.1761,0.1777,1092,28
2024-11-15 19:00:00+00:00,0.1777,0.178,0.1722,0.1751,1040,28
2024-11-15 19:30:00+00:00,0.1751,0.1809,0.1739,0.1809,841,28
2024-11-15 20:00:00+00:00,0.1809,0.1872,0.1782,0.1805,1441,28
2024-11-15 20:30:00+00:00,0.1805,0.1817,0.1788,0.1798,925,28
2024-11-15 21:00:00+00:00,0.1797,0.1898,0.1795,0.1857,1159,28
2024-11-15 21:30:00+00:00,0.1857,0.1891,0.1825,0.1837,1236,28
2024-11-15 22:00:00+00:00,0.1837,0.185,0.1804,0.1804,579,29
2024-11-15 22:30:00+00:00,0.1804,0.185,0.1795,0.1842,401,28
2024-11-15 23:00:00+00:00,0.1842,0.1882,0.1818,0.1824,762,28
2024-11-15 23:30:00+00:00,0.1824,0.1868,0.1812,0.1841,603,28
2024-11-18 00:00:00+00:00,0.1824,0.1824,0.1802,0.181,760,28
2024-11-18 00:30:00+00:00,0.181,0.1828,0.1807,0.1814,806,28
2024-11-18 01:00:00+00:00,0.1814,0.1857,0.1813,0.1847,667,28
2024-11-18 01:30:00+00:00,0.1847,0.1877,0.1845,0.1867,950,28
2024-11-18 02:00:00+00:00,0.1867,0.189,0.1858,0.1885,697,28
2024-11-18 02:30:00+00:00,0.1885,0.1925,0.188,0.1905,922,28
2024-11-18 03:00:00+00:00,0.1905,0.1971,0.1902,0.1968,1184,28
2024-11-18 03:30:00+00:00,0.1968,0.2079,0.1952,0.2049,1765,28
2024-11-18 04:00:00+00:00,0.2049,0.2125,0.2019,0.2121,2025,29
2024-11-18 04:30:00+00:00,0.2121,0.2131,0.1987,0.2009,1765,29
2024-11-18 05:00:00+00:00,0.2009,0.2025,0.199,0.1991,1085,28
2024-11-18 05:30:00+00:00,0.1991,0.2056,0.1971,0.2054,1096,28
2024-11-18 06:00:00+00:00,0.2054,0.2068,0.2017,0.2058,1216,28
2024-11-18 06:30:00+00:00,0.2058,0.2079,0.2023,0.2037,992,28
2024-11-18 07:00:00+00:00,0.2037,0.2042,0.2006,0.2029,1066,28
2024-11-18 07:30:00+00:00,0.2029,0.2092,0.2023,0.2087,1058,28
2024-11-18 08:00:00+00:00,0.2087,0.2161,0.2087,0.2121,1774,28
2024-11-18 08:30:00+00:00,0.2121,0.2229,0.2121,0.2188,2455,28
2024-11-18 09:00:00+00:00,0.2188,0.2228,0.2142,0.2222,1688,28
2024-11-18 09:30:00+00:00,0.2222,0.2227,0.2143,0.2156,1470,28
2024-11-18 10:00:00+00:00,0.2156,0.2167,0.2122,0.2127,1031,28
2024-11-18 10:30:00+00:00,0.2127,0.2184,0.2124,0.2169,828,28
2024-11-18 11:00:00+00:00,0.2169,0.2228,0.2164,0.2169,1683,28
2024-11-18 11:30:00+00:00,0.2168,0.2173,0.2113,0.212,1191,28
2024-11-18 12:00:00+00:00,0.212,0.2154,0.2119,0.2151,1294,28
2024-11-18 12:30:00+00:00,0.2152,0.2154,0.2074,0.2079,1142,28
2024-11-18 13:00:00+00:00,0.2078,0.209,0.2052,0.2069,1140,28
2024-11-18 13:30:00+00:00,0.2069,0.2099,0.2057,0.206,884,28
2024-11-18 14:00:00+00:00,0.206,0.2128,0.2055,0.2112,1126,28
2024-11-18 14:30:00+00:00,0.2112,0.2136,0.2105,0.2117,1133,28
2024-11-18 15:00:00+00:00,0.2117,0.2128,0.21,0.2113,907,28
2024-11-18 15:30:00+00:00,0.2113,0.2145,0.2099,0.2133,1024,28
2024-11-18 16:00:00+00:00,0.2133,0.2259,0.2117,0.2222,1734,28
2024-11-18 16:30:00+00:00,0.2222,0.2298,0.2176,0.2179,2025,29
2024-11-18 17:00:00+00:00,0.2179,0.2185,0.2136,0.218,1319,28
2024-11-18 17:30:00+00:00,0.218,0.2182,0.2138,0.2154,843,28
2024-11-18 18:00:00+00:00,0.2154,0.2155,0.213,0.2138,967,28
2024-11-18 18:30:00+00:00,0.2138,0.2144,0.2101,0.2104,1127,28
2024-11-18 19:00:00+00:00,0.2104,0.2121,0.2071,0.2084,1025,28
2024-11-18 19:30:00+00:00,0.2084,0.2127,0.2076,0.2117,866,28
2024-11-18 20:00:00+00:00,0.2117,0.2128,0.2103,0.2121,897,28
2024-11-18 20:30:00+00:00,0.2121,0.214,0.2106,0.2121,1042,28
2024-11-18 21:00:00+00:00,0.2121,0.2171,0.2116,0.2149,839,28
2024-11-18 21:30:00+00:00,0.2148,0.2154,0.2132,0.2139,733,28
2024-11-18 22:00:00+00:00,0.2139,0.2156,0.2134,0.2154,421,28
2024-11-18 22:30:00+00:00,0.2154,0.2159,0.2142,0.2142,221,29
2024-11-18 23:00:00+00:00,0.2142,0.2166,0.2134,0.2134,580,29
2024-11-18 23:30:00+00:00,0.2135,0.2162,0.2134,0.2146,833,28
2024-11-19 00:00:00+00:00,0.2146,0.2212,0.2108,0.2209,1620,28
2024-11-19 00:30:00+00:00,0.2209,0.2237,0.207,0.2121,2056,29
2024-11-19 01:00:00+00:00,0.2121,0.2167,0.2116,0.2154,922,29
2024-11-19 01:30:00+00:00,0.2154,0.2165,0.2105,0.211,791,28
2024-11-19 02:00:00+00:00,0.211,0.2162,0.2107,0.214,812,28
2024-11-19 02:30:00+00:00,0.214,0.2172,0.2123,0.2127,1003,28
2024-11-19 03:00:00+00:00,0.2127,0.2132,0.2104,0.2123,635,28
2024-11-19 03:30:00+00:00,0.2123,0.2136,0.211,0.2113,415,28
2024-11-19 04:00:00+00:00,0.2113,0.2139,0.2075,0.2076,696,28
2024-11-19 04:30:00+00:00,0.2076,0.2096,0.2074,0.2088,571,28
2024-11-19 05:00:00+00:00,0.2088,0.2122,0.2082,0.2089,718,28
2024-11-19 05:30:00+00:00,0.2089,0.2094,0.2077,0.2082,528,28
2024-11-19 06:00:00+00:00,0.2082,0.21,0.2077,0.2098,433,28
2024-11-19 06:30:00+00:00,0.2098,0.2098,0.2077,0.2083,347,28
2024-11-19 07:00:00+00:00,0.2083,0.2087,0.2065,0.2073,625,28
2024-11-19 07:30:00+00:00,0.2073,0.2082,0.2058,0.2064,637,28
2024-11-19 08:00:00+00:00,0.2064,0.2073,0.2051,0.2053,425,28
2024-11-19 08:30:00+00:00,0.2053,0.2065,0.2049,0.2059,485,28
2024-11-19 09:00:00+00:00,0.2059,0.2065,0.2032,0.2034,525,28
2024-11-19 09:30:00+00:00,0.2034,0.2054,0.2032,0.2045,704,28
2024-11-19 10:00:00+00:00,0.2045,0.2073,0.2043,0.2063,475,28
2024-11-19 10:30:00+00:00,0.2062,0.2067,0.2054,0.206,289,28
2024-11-19 11:00:00+00:00,0.206,0.2086,0.2058,0.2064,501,28
2024-11-19 11:30:00+00:00,0.2065,0.211,0.2065,0.2108,671,28
2024-11-19 12:00:00+00:00,0.2107,0.2135,0.2101,0.2132,700,28
2024-11-19 12:30:00+00:00,0.2132,0.2148,0.2125,0.2132,737,28
2024-11-19 13:00:00+00:00,0.2131,0.2135,0.2103,0.2103,1016,28
2024-11-19 13:30:00+00:00,0.2105,0.2136,0.2098,0.2114,855,28
2024-11-19 14:00:00+00:00,0.2114,0.215,0.2108,0.2116,1196,28
2024-11-19 14:30:00+00:00,0.2117,0.216,0.2111,0.2131,1168,28
2024-11-19 15:00:00+00:00,0.2132,0.2234,0.2131,0.222,1612,28
2024-11-19 15:30:00+00:00,0.222,0.2296,0.2186,0.229,1772,29
2024-11-19 16:00:00+00:00,0.229,0.2314,0.2238,0.2276,2008,29
2024-11-19 16:30:00+00:00,0.2274,0.2349,0.2239,0.2247,1526,29
2024-11-19 17:00:00+00:00,0.2247,0.2268,0.2236,0.2247,1163,28
2024-11-19 17:30:00+00:00,0.2247,0.2355,0.2236,0.2314,1629,29
2024-11-19 18:00:00+00:00,0.2314,0.2339,0.2288,0.2295,1514,28
2024-11-19 18:30:00+00:00,0.2295,0.2346,0.2286,0.2346,1358,28
2024-11-19 19:00:00+00:00,0.2346,0.2368,0.232,0.2343,1551,28
2024-11-19 19:30:00+00:00,0.2343,0.2353,0.2321,0.2325,845,28
2024-11-19 20:00:00+00:00,0.2326,0.2327,0.2289,0.2295,927,28
2024-11-19 20:30:00+00:00,0.2295,0.23,0.2246,0.2258,1028,28
2024-11-19 21:00:00+00:00,0.2258,0.2289,0.2233,0.2248,1292,28
2024-11-19 21:30:00+00:00,0.2248,0.2265,0.2232,0.224,739,28
2024-11-19 22:00:00+00:00,0.224,0.225,0.2201,0.2203,533,28
2024-11-19 22:30:00+00:00,0.2203,0.2226,0.2196,0.222,387,29
2024-11-19 23:00:00+00:00,0.222,0.222,0.22,0.2207,812,28
2024-11-19 23:30:00+00:00,0.2207,0.2228,0.2202,0.2219,644,28
2024-11-20 00:00:00+00:00,0.2219,0.222,0.2187,0.2188,828,28
2024-11-20 00:30:00+00:00,0.2188,0.2205,0.2181,0.2189,699,28
2024-11-20 01:00:00+00:00,0.2189,0.2193,0.2157,0.2157,761,28
2024-11-20 01:30:00+00:00,0.2157,0.2182,0.2156,0.2178,757,28
2024-11-20 02:00:00+00:00,0.2178,0.2196,0.2164,0.218,828,28
2024-11-20 02:30:00+00:00,0.218,0.2184,0.2158,0.2163,794,28
2024-11-20 03:00:00+00:00,0.2163,0.2164,0.2129,0.2131,1063,28
2024-11-20 03:30:00+00:00,0.2131,0.2163,0.2121,0.2152,979,28
2024-11-20 04:00:00+00:00,0.2152,0.2168,0.2132,0.2163,693,28
2024-11-20 04:30:00+00:00,0.2163,0.2176,0.2155,0.2166,750,28
2024-11-20 05:00:00+00:00,0.2166,0.2209,0.2152,0.2195,715,28
2024-11-20 05:30:00+00:00,0.2194,0.2201,0.2159,0.2183,798,28
2024-11-20 06:00:00+00:00,0.2183,0.2199,0.2173,0.219,523,28
2024-11-20 06:30:00+00:00,0.219,0.2194,0.2152,0.2154,667,28
2024-11-20 07:00:00+00:00,0.2154,0.216,0.2142,0.2146,713,28
2024-11-20 07:30:00+00:00,0.2146,0.2171,0.2146,0.2165,534,28
2024-11-20 08:00:00+00:00,0.2165,0.2191,0.215,0.219,526,28
2024-11-20 08:30:00+00:00,0.219,0.2207,0.2178,0.2183,711,28
2024-11-20 09:00:00+00:00,0.2183,0.2224,0.217,0.2205,1170,28
2024-11-20 09:30:00+00:00,0.2205,0.2262,0.2189,0.2249,1220,28
2024-11-20 10:00:00+00:00,0.2249,0.2264,0.224,0.2249,1226,28
2024-11-20 10:30:00+00:00,0.2249,0.2255,0.2232,0.2237,1013,28
2024-11-20 11:00:00+00:00,0.2237,0.2258,0.2215,0.2249,1240,28
2024-11-20 11:30:00+00:00,0.2249,0.2269,0.2241,0.2257,1247,28
2024-11-20 12:00:00+00:00,0.2257,0.2263,0.2226,0.2235,1245,28
2024-11-20 12:30:00+00:00,0.2234,0.2247,0.2187,0.2203,1097,28
2024-11-20 13:00:00+00:00,0.2203,0.2218,0.2186,0.2218,1238,28
2024-11-20 13:30:00+00:00,0.2217,0.2256,0.2209,0.2246,997,28
2024-11-20 14:00:00+00:00,0.2246,0.2263,0.2232,0.2254,1192,28
2024-11-20 14:30:00+00:00,0.2254,0.2258,0.2203,0.224,1298,28
2024-11-20 15:00:00+00:00,0.224,0.2244,0.2206,0.2218,1338,28
2024-11-20 15:30:00+00:00,0.2218,0.2222,0.218,0.2183,992,28
2024-11-20 16:00:00+00:00,0.2183,0.2185,0.2138,0.2139,1163,28
2024-11-20 16:30:00+00:00,0.214,0.2158,0.2118,0.214,1447,28
2024-11-20 17:00:00+00:00,0.214,0.2162,0.2118,0.213,972,28
2024-11-20 17:30:00+00:00,0.213,0.2136,0.2099,0.2099,1075,28
2024-11-20 18:00:00+00:00,0.2099,0.2116,0.2079,0.2097,1221,28
2024-11-20 18:30:00+00:00,0.2097,0.2121,0.2091,0.211,1325,28
2024-11-20 19:00:00+00:00,0.211,0.2113,0.2066,0.208,1030,28
2024-11-20 19:30:00+00:00,0.208,0.2101,0.2078,0.209,934,28
2024-11-20 20:00:00+00:00,0.209,0.2108,0.2069,0.2104,723,28
2024-11-20 20:30:00+00:00,0.2104,0.2121,0.2103,0.211,626,28
2024-11-20 21:00:00+00:00,0.211,0.2112,0.2088,0.2102,829,28
2024-11-20 21:30:00+00:00,0.2102,0.2112,0.2092,0.2106,683,28
2024-11-20 22:00:00+00:00,0.2106,0.2135,0.2104,0.2132,375,28
2024-11-20 22:30:00+00:00,0.2132,0.2132,0.2102,0.2106,315,29
2024-11-20 23:00:00+00:00,0.2106,0.2125,0.2104,0.2123,377,28
2024-11-20 23:30:00+00:00,0.2123,0.2131,0.2094,0.2095,491,28
2024-11-21 00:00:00+00:00,0.2095,0.2136,0.2088,0.212,983,28
2024-11-21 00:30:00+00:00,0.212,0.2132,0.2106,0.2127,602,28
2024-11-21 01:00:00+00:00,0.2127,0.2192,0.212,0.2188,873,28
2024-11-21 01:30:00+00:00,0.2188,0.2208,0.2169,0.2172,1045,28
2024-11-21 02:00:00+00:00,0.2172,0.2179,0.2116,0.2117,991,28
2024-11-21 02:30:00+00:00,0.2117,0.2147,0.2109,0.2146,974,28
2024-11-21 03:00:00+00:00,0.2146,0.2186,0.2141,0.2183,1016,28
2024-11-21 03:30:00+00:00,0.2183,0.2184,0.2117,0.2123,878,28
2024-11-21 04:00:00+00:00,0.2123,0.2137,0.2075,0.2093,939,28
2024-11-21 04:30:00+00:00,0.2092,0.2155,0.2088,0.2134,1113,28
2024-11-21 05:00:00+00:00,0.2134,0.214,0.2116,0.212,1000,28
2024-11-21 05:30:00+00:00,0.212,0.2126,0.2091,0.2102,755,28
2024-11-21 06:00:00+00:00,0.2102,0.2106,0.2089,0.2089,764,28
2024-11-21 06:30:00+00:00,0.2089,0.2092,0.206,0.2077,903,28
2024-11-21 07:00:00+00:00,0.2077,0.2087,0.2072,0.2076,439,28
2024-11-21 07:30:00+00:00,0.2076,0.208,0.2065,0.2076,508,28
2024-11-21 08:00:00+00:00,0.2076,0.2083,0.2064,0.2069,374,28
2024-11-21 08:30:00+00:00,0.2069,0.2084,0.2065,0.2069,437,28
2024-11-21 09:00:00+00:00,0.2069,0.2079,0.2065,0.2071,281,28
2024-11-21 09:30:00+00:00,0.2071,0.2074,0.2043,0.2044,446,28
2024-11-21 10:00:00+00:00,0.2044,0.2053,0.2028,0.2031,446,28
2024-11-21 10:30:00+00:00,0.2031,0.2047,0.203,0.2036,297,28
2024-11-21 11:00:00+00:00,0.2036,0.2043,0.2023,0.2042,585,28
2024-11-21 11:30:00+00:00,0.2042,0.2074,0.2041,0.2073,439,28
2024-11-21 12:00:00+00:00,0.2073,0.2131,0.207,0.213,838,28
2024-11-21 12:30:00+00:00,0.2129,0.2135,0.2106,0.2106,1009,28
2024-11-21 13:00:00+00:00,0.2106,0.2146,0.2106,0.2129,879,28
2024-11-21 13:30:00+00:00,0.2129,0.2131,0.2101,0.2107,753,28
2024-11-21 14:00:00+00:00,0.2107,0.2122,0.2086,0.209,747,28
2024-11-21 14:30:00+00:00,0.209,0.2095,0.205,0.2069,1147,28
2024-11-21 15:00:00+00:00,0.2069,0.2069,0.2019,0.2021,1057,28
2024-11-21 15:30:00+00:00,0.2021,0.2039,0.2011,0.2031,1398,28
2024-11-21 16:00:00+00:00,0.2031,0.2073,0.2026,0.2071,818,28
2024-11-21 16:30:00+00:00,0.2071,0.2074,0.2059,0.2062,509,28
2024-11-21 17:00:00+00:00,0.2062,0.2066,0.2049,0.2062,530,28
2024-11-21 17:30:00+00:00,0.2062,0.2074,0.2053,0.2066,439,28
2024-11-21 18:00:00+00:00,0.2066,0.2082,0.2064,0.2078,635,28
2024-11-21 18:30:00+00:00,0.2078,0.2129,0.2072,0.2119,660,28
2024-11-21 19:00:00+00:00,0.2119,0.2157,0.2115,0.2127,1139,28
2024-11-21 19:30:00+00:00,0.2127,0.2154,0.211,0.2122,1030,28
2024-11-21 20:00:00+00:00,0.2122,0.2143,0.2119,0.2132,660,28
2024-11-21 20:30:00+00:00,0.2132,0.2135,0.2114,0.2121,864,28
2024-11-21 21:00:00+00:00,0.2121,0.2124,0.209,0.2107,537,28
2024-11-21 21:30:00+00:00,0.2107,0.2119,0.2098,0.2108,370,28
2024-11-21 22:00:00+00:00,0.2108,0.2136,0.2108,0.2128,189,29
2024-11-21 22:30:00+00:00,0.2128,0.215,0.2127,0.2146,222,29
2024-11-21 23:00:00+00:00,0.2146,0.2146,0.2124,0.2133,293,28
2024-11-21 23:30:00+00:00,0.2132,0.2138,0.2125,0.2128,288,28
2024-11-22 00:00:00+00:00,0.2128,0.2171,0.2128,0.217,679,29
2024-11-22 00:30:00+00:00,0.217,0.2181,0.2132,0.215,821,28
2024-11-22 01:00:00+00:00,0.215,0.2187,0.2134,0.2179,742,28
2024-11-22 01:30:00+00:00,0.2179,0.2242,0.2169,0.2235,838,28
2024-11-22 02:00:00+00:00,0.2233,0.2286,0.2224,0.2281,951,29
2024-11-22 02:30:00+00:00,0.2282,0.2288,0.222,0.2247,902,29
2024-11-22 03:00:00+00:00,0.2247,0.23,0.2246,0.2279,1109,28
2024-11-22 03:30:00+00:00,0.2279,0.2286,0.2262,0.2271,789,28
2024-11-22 04:00:00+00:00,0.2271,0.2316,0.2259,0.2283,691,28
2024-11-22 04:30:00+00:00,0.2283,0.2298,0.225,0.2252,605,28
2024-11-22 05:00:00+00:00,0.2252,0.2283,0.2249,0.2282,668,28
2024-11-22 05:30:00+00:00,0.2282,0.23,0.2273,0.228,622,28
2024-11-22 06:00:00+00:00,0.228,0.2353,0.2278,0.2339,815,28
2024-11-22 06:30:00+00:00,0.2339,0.2366,0.2299,0.2366,849,29
2024-11-22 07:00:00+00:00,0.2365,0.2423,0.2352,0.2378,1568,28
2024-11-22 07:30:00+00:00,0.2378,0.2406,0.2325,0.233,1024,29
2024-11-22 08:00:00+00:00,0.233,0.237,0.2325,0.237,699,29
2024-11-22 08:30:00+00:00,0.237,0.2372,0.2327,0.2349,718,28
2024-11-22 09:00:00+00:00,0.2349,0.2417,0.2349,0.2385,1094,28
2024-11-22 09:30:00+00:00,0.2385,0.2424,0.237,0.2405,929,29
2024-11-22 10:00:00+00:00,0.2406,0.2412,0.2374,0.2389,884,28
2024-11-22 10:30:00+00:00,0.2389,0.2391,0.236,0.2379,680,28
2024-11-22 11:00:00+00:00,0.2379,0.2438,0.2362,0.2431,981,29
2024-11-22 11:30:00+00:00,0.2431,0.2431,0.24,0.2411,856,28
2024-11-22 12:00:00+00:00,0.2412,0.2432,0.2386,0.2389,954,28
2024-11-22 12:30:00+00:00,0.2389,0.2421,0.2373,0.2407,771,29
2024-11-22 13:00:00+00:00,0.2407,0.2407,0.229,0.2292,1381,28
2024-11-22 13:30:00+00:00,0.2292,0.2333,0.2279,0.2284,1434,28
2024-11-22 14:00:00+00:00,0.2284,0.2311,0.2271,0.2281,1019,29
2024-11-22 14:30:00+00:00,0.2281,0.2308,0.2278,0.2299,994,28
2024-11-22 15:00:00+00:00,0.23,0.2339,0.2293,0.2322,847,28
2024-11-22 15:30:00+00:00,0.2322,0.2395,0.2317,0.2393,806,29
2024-11-22 16:00:00+00:00,0.2393,0.2465,0.2369,0.2445,1433,29
2024-11-22 16:30:00+00:00,0.2446,0.2446,0.24,0.2413,1055,28
2024-11-22 17:00:00+00:00,0.2412,0.2459,0.2395,0.2455,1112,28
2024-11-22 17:30:00+00:00,0.2455,0.2462,0.2408,0.2411,981,29
2024-11-22 18:00:00+00:00,0.2411,0.2459,0.2406,0.2435,845,28
2024-11-22 18:30:00+00:00,0.2435,0.2449,0.2389,0.2395,967,29
2024-11-22 19:00:00+00:00,0.2395,0.2459,0.2389,0.2457,1134,28
2024-11-22 19:30:00+00:00,0.2457,0.2457,0.2413,0.2438,985,29
2024-11-22 20:00:00+00:00,0.2438,0.2485,0.243,0.248,1014,28
2024-11-22 20:30:00+00:00,0.248,0.2491,0.2457,0.2487,799,28
2024-11-22 21:00:00+00:00,0.2487,0.2502,0.2463,0.2499,709,29
2024-11-22 21:30:00+00:00,0.2499,0.25,0.2456,0.246,519,28
2024-11-22 22:00:00+00:00,0.2461,0.2501,0.2458,0.2493,575,28
2024-11-22 22:30:00+00:00,0.2493,0.2546,0.2483,0.2527,579,28
2024-11-22 23:00:00+00:00,0.2527,0.2625,0.251,0.2555,1255,28
2024-11-22 23:30:00+00:00,0.2555,0.2605,0.2546,0.2573,789,28
2024-11-25 00:00:00+00:00,0.2827,0.2827,0.2726,0.2733,2126,28
2024-11-25 00:30:00+00:00,0.2732,0.2736,0.27,0.27,1513,28
2024-11-25 01:00:00+00:00,0.27,0.2712,0.2633,0.2663,1798,28
2024-11-25 01:30:00+00:00,0.2663,0.2705,0.2651,0.2676,1280,28
2024-11-25 02:00:00+00:00,0.2676,0.2704,0.2674,0.269,1164,28
2024-11-25 02:30:00+00:00,0.269,0.2703,0.2662,0.2672,946,28
2024-11-25 03:00:00+00:00,0.2672,0.2724,0.2672,0.27,900,28
2024-11-25 03:30:00+00:00,0.27,0.2744,0.269,0.2738,713,28
2024-11-25 04:00:00+00:00,0.2738,0.2801,0.2727,0.2796,1485,28
2024-11-25 04:30:00+00:00,0.2796,0.2797,0.2744,0.2767,1105,28
2024-11-25 05:00:00+00:00,0.2768,0.2854,0.2766,0.2839,1025,28
2024-11-25 05:30:00+00:00,0.284,0.2903,0.284,0.2872,1483,28
2024-11-25 06:00:00+00:00,0.2871,0.2898,0.285,0.2873,1226,28
2024-11-25 06:30:00+00:00,0.2872,0.2872,0.2782,0.2795,1326,28
2024-11-25 07:00:00+00:00,0.2795,0.282,0.2789,0.2816,1040,28
2024-11-25 07:30:00+00:00,0.2816,0.2859,0.2792,0.2803,1075,28
2024-11-25 08:00:00+00:00,0.2802,0.2858,0.2793,0.2856,1028,28
2024-11-25 08:30:00+00:00,0.2856,0.2867,0.2834,0.2864,1169,28
2024-11-25 09:00:00+00:00,0.2864,0.2912,0.2862,0.2903,1102,28
2024-11-25 09:30:00+00:00,0.2903,0.2917,0.2857,0.2877,1178,28
2024-11-25 10:00:00+00:00,0.2877,0.2896,0.2805,0.2824,1226,28
2024-11-25 10:30:00+00:00,0.2824,0.2845,0.281,0.2845,1079,28
2024-11-25 11:00:00+00:00,0.2845,0.2861,0.2817,0.2857,1065,28
2024-11-25 11:30:00+00:00,0.2857,0.2857,0.2794,0.2825,1528,28
2024-11-25 12:00:00+00:00,0.2825,0.2853,0.2813,0.2834,1695,28
2024-11-25 12:30:00+00:00,0.2834,0.2835,0.2772,0.2774,1485,28
2024-11-25 13:00:00+00:00,0.2774,0.2785,0.2715,0.2749,1833,28
2024-11-25 13:30:00+00:00,0.2749,0.2757,0.2717,0.2717,1445,28
2024-11-25 14:00:00+00:00,0.2717,0.2762,0.2715,0.2726,1305,28
2024-11-25 14:30:00+00:00,0.2726,0.2745,0.2654,0.2655,2249,28
2024-11-25 15:00:00+00:00,0.2655,0.2715,0.2603,0.2715,2317,28
2024-11-25 15:30:00+00:00,0.2715,0.2739,0.2688,0.2702,1791,28
2024-11-25 16:00:00+00:00,0.2702,0.2742,0.2687,0.2705,1891,28
2024-11-25 16:30:00+00:00,0.2706,0.2717,0.2662,0.2683,1720,28
2024-11-25 17:00:00+00:00,0.2683,0.2687,0.2635,0.2653,1848,28
2024-11-25 17:30:00+00:00,0.2653,0.2675,0.2632,0.2658,1519,28
2024-11-25 18:00:00+00:00,0.2659,0.268,0.2649,0.267,1327,28
2024-11-25 18:30:00+00:00,0.267,0.2672,0.2638,0.2649,1093,28
2024-11-25 19:00:00+00:00,0.2649,0.2689,0.2636,0.2688,1083,28
2024-11-25 19:30:00+00:00,0.2687,0.2697,0.2664,0.2682,878,28
2024-11-25 20:00:00+00:00,0.2682,0.2689,0.2668,0.2686,1263,28
2024-11-25 20:30:00+00:00,0.2686,0.2701,0.2666,0.2682,993,28
2024-11-25 21:00:00+00:00,0.2682,0.269,0.2646,0.265,1060,28
2024-11-25 21:30:00+00:00,0.265,0.2651,0.2601,0.2633,1710,28
2024-11-25 22:00:00+00:00,0.2633,0.2644,0.2587,0.2593,869,28
2024-11-25 22:30:00+00:00,0.2593,0.2613,0.2549,0.2602,713,28
2024-11-25 23:00:00+00:00,0.2602,0.263,0.259,0.2612,1305,28
2024-11-25 23:30:00+00:00,0.2612,0.2619,0.2572,0.2581,1442,28
2024-11-26 00:00:00+00:00,0.2581,0.264,0.2546,0.2637,1862,28
2024-11-26 00:30:00+00:00,0.2638,0.2638,0.259,0.2592,1336,28
2024-11-26 01:00:00+00:00,0.2592,0.2637,0.2589,0.2633,1173,28
2024-11-26 01:30:00+00:00,0.2633,0.2658,0.2628,0.2652,806,28
2024-11-26 02:00:00+00:00,0.2652,0.2663,0.2641,0.2644,887,28
2024-11-26 02:30:00+00:00,0.2644,0.2666,0.264,0.2653,699,28
2024-11-26 03:00:00+00:00,0.2652,0.2658,0.2618,0.2632,920,28
2024-11-26 03:30:00+00:00,0.2631,0.2663,0.2624,0.2642,638,28
2024-11-26 04:00:00+00:00,0.2642,0.2644,0.261,0.2626,1154,28
2024-11-26 04:30:00+00:00,0.2626,0.2657,0.2626,0.2649,691,28
2024-11-26 05:00:00+00:00,0.2649,0.2684,0.2646,0.2679,1010,28
2024-11-26 05:30:00+00:00,0.2679,0.2733,0.2678,0.2726,849,28
2024-11-26 06:00:00+00:00,0.2726,0.2726,0.2695,0.2701,1307,28
2024-11-26 06:30:00+00:00,0.2701,0.2707,0.2678,0.2684,942,28
2024-11-26 07:00:00+00:00,0.2683,0.2683,0.2625,0.265,1227,28
2024-11-26 07:30:00+00:00,0.265,0.265,0.2609,0.2627,1406,28
2024-11-26 08:00:00+00:00,0.2627,0.2635,0.2573,0.2575,2081,28
2024-11-26 08:30:00+00:00,0.2575,0.2615,0.2566,0.2608,2082,28
2024-11-26 09:00:00+00:00,0.2608,0.2698,0.2601,0.2691,1706,28
2024-11-26 09:30:00+00:00,0.2691,0.2705,0.2638,0.2688,1884,28
2024-11-26 10:00:00+00:00,0.2688,0.2723,0.2655,0.2675,2408,28
2024-11-26 10:30:00+00:00,0.2675,0.2681,0.2605,0.2605,2106,28
2024-11-26 11:00:00+00:00,0.2605,0.2641,0.2538,0.2539,2022,28
2024-11-26 11:30:00+00:00,0.2538,0.2596,0.2494,0.2594,2384,28
2024-11-26 12:00:00+00:00,0.2594,0.2653,0.2567,0.2615,1900,28
2024-11-26 12:30:00+00:00,0.2615,0.2623,0.2563,0.261,1946,28
2024-11-26 13:00:00+00:00,0.261,0.2702,0.2585,0.268,2058,28
2024-11-26 13:30:00+00:00,0.2679,0.2703,0.2668,0.2675,2251,28
2024-11-26 14:00:00+00:00,0.2675,0.2702,0.2633,0.2693,2039,28
2024-11-26 14:30:00+00:00,0.2693,0.2821,0.2665,0.2749,2684,28
2024-11-26 15:00:00+00:00,0.2749,0.2761,0.269,0.2731,2301,28
2024-11-26 15:30:00+00:00,0.2729,0.2768,0.2699,0.2729,2126,28
2024-11-26 16:00:00+00:00,0.2729,0.2845,0.2715,0.2825,2065,29
2024-11-26 16:30:00+00:00,0.2825,0.2845,0.2798,0.2803,2076,28
2024-11-26 17:00:00+00:00,0.2803,0.2832,0.2778,0.2829,1819,28
2024-11-26 17:30:00+00:00,0.283,0.2861,0.2817,0.2854,1405,28
2024-11-26 18:00:00+00:00,0.2854,0.2858,0.2764,0.2767,1765,28
2024-11-26 18:30:00+00:00,0.2766,0.2838,0.2739,0.2795,2045,29
2024-11-26 19:00:00+00:00,0.2795,0.2814,0.2754,0.2768,2706,28
2024-11-26 19:30:00+00:00,0.2768,0.2809,0.2749,0.2807,1808,28
2024-11-26 20:00:00+00:00,0.2807,0.286,0.2786,0.2846,2077,28
2024-11-26 20:30:00+00:00,0.2845,0.2928,0.2838,0.2888,2086,28
2024-11-26 21:00:00+00:00,0.2887,0.2889,0.2837,0.2881,1806,28
2024-11-26 21:30:00+00:00,0.288,0.2884,0.2832,0.2863,1562,28
2024-11-26 22:00:00+00:00,0.2863,0.2945,0.2859,0.2925,1441,29
2024-11-26 22:30:00+00:00,0.2925,0.2948,0.2872,0.2872,813,29
2024-11-26 23:00:00+00:00,0.2872,0.2917,0.2853,0.2905,1083,28
2024-11-26 23:30:00+00:00,0.2905,0.2972,0.2905,0.2962,1511,28
2024-11-27 00:00:00+00:00,0.2962,0.3086,0.2884,0.3083,2415,28
2024-11-27 00:30:00+00:00,0.3083,0.3085,0.2903,0.2916,2347,29
2024-11-27 01:00:00+00:00,0.2916,0.3031,0.2879,0.3014,2543,28
2024-11-27 01:30:00+00:00,0.3013,0.3067,0.2995,0.3031,2603,29
2024-11-27 02:00:00+00:00,0.3031,0.3062,0.2967,0.3051,1984,29
2024-11-27 02:30:00+00:00,0.3051,0.3063,0.3026,0.3026,2042,28
2024-11-27 03:00:00+00:00,0.3025,0.3033,0.2975,0.2978,1326,28
2024-11-27 03:30:00+00:00,0.2979,0.301,0.2957,0.2967,1410,28
2024-11-27 04:00:00+00:00,0.2967,0.3012,0.2966,0.2974,1462,28
2024-11-27 04:30:00+00:00,0.2974,0.2976,0.2911,0.2913,1337,28
2024-11-27 05:00:00+00:00,0.2913,0.2932,0.2888,0.2898,1211,28
2024-11-27 05:30:00+00:00,0.2899,0.2921,0.285,0.2856,1106,28
2024-11-27 06:00:00+00:00,0.2856,0.2923,0.2856,0.291,1203,28
2024-11-27 06:30:00+00:00,0.2911,0.2917,0.2886,0.2909,1301,28
2024-11-27 07:00:00+00:00,0.2909,0.2921,0.287,0.2894,1193,28
2024-11-27 07:30:00+00:00,0.2894,0.2936,0.289,0.2929,1026,28
2024-11-27 08:00:00+00:00,0.2929,0.293,0.2882,0.2886,1224,28
2024-11-27 08:30:00+00:00,0.2886,0.2906,0.2875,0.2904,901,28
2024-11-27 09:00:00+00:00,0.2904,0.2909,0.2865,0.2881,1295,28
2024-11-27 09:30:00+00:00,0.288,0.2971,0.2865,0.2967,1296,28
2024-11-27 10:00:00+00:00,0.2967,0.2985,0.2951,0.2963,1574,28
2024-11-27 10:30:00+00:00,0.2963,0.3073,0.2954,0.3025,1704,28
2024-11-27 11:00:00+00:00,0.3025,0.3025,0.2974,0.2987,1796,28
2024-11-27 11:30:00+00:00,0.2986,0.3024,0.2972,0.3007,1624,28
2024-11-27 12:00:00+00:00,0.3007,0.3031,0.2933,0.2935,1618,28
2024-11-27 12:30:00+00:00,0.2936,0.2987,0.2928,0.2959,1399,28
2024-11-27 13:00:00+00:00,0.2959,0.3044,0.2953,0.3037,1747,29
2024-11-27 13:30:00+00:00,0.3037,0.3068,0.3022,0.305,1867,28
2024-11-27 14:00:00+00:00,0.3049,0.3072,0.3027,0.3036,1613,28
2024-11-27 14:30:00+00:00,0.3036,0.3076,0.2998,0.3015,1729,29
2024-11-27 15:00:00+00:00,0.3014,0.3015,0.2959,0.2976,1634,28
2024-11-27 15:30:00+00:00,0.2976,0.3036,0.297,0.2996,1564,28
2024-11-27 16:00:00+00:00,0.2996,0.3013,0.2962,0.2964,1960,28
2024-11-27 16:30:00+00:00,0.2964,0.3004,0.293,0.2935,1459,28
2024-11-27 17:00:00+00:00,0.2935,0.297,0.2931,0.296,1239,28
2024-11-27 17:30:00+00:00,0.296,0.2981,0.296,0.2975,902,28
2024-11-27 18:00:00+00:00,0.2975,0.2981,0.2949,0.2961,1277,28
